query_id,document_id,relevance,source_type,technology,category,vendor,label_origin,review_status,reviewed_by,reviewed_at
bm-aws-01,doc-aws-iam-access-denied-c005,3,official_documentation,aws,aws_permission_failure,AWS,human_approved,approved,project_owner_assisted_review,2026-07-29T04:10:47.317043+00:00
bm-aws-01,doc-aws-iam-access-denied-c008,3,official_documentation,aws,aws_permission_failure,AWS,human_approved,approved,project_owner_assisted_review,2026-07-29T04:10:47.317043+00:00
bm-aws-01,doc-aws-iam-access-denied-c009,3,official_documentation,aws,aws_permission_failure,AWS,human_approved,approved,project_owner_assisted_review,2026-07-29T04:10:47.317043+00:00
bm-aws-01,doc-aws-iam-access-denied-c015,3,official_documentation,aws,aws_permission_failure,AWS,human_approved,approved,project_owner_assisted_review,2026-07-29T04:10:47.317043+00:00
bm-aws-01,doc-aws-iam-access-denied-c016,3,official_documentation,aws,aws_permission_failure,AWS,human_approved,approved,project_owner_assisted_review,2026-07-29T04:10:47.317043+00:00
bm-aws-01,doc-aws-iam-access-denied-c019,3,official_documentation,aws,aws_permission_failure,AWS,human_approved,approved,project_owner_assisted_review,2026-07-29T04:10:47.317043+00:00
bm-aws-01,doc-aws-iam-access-denied-c023,3,official_documentation,aws,aws_permission_failure,AWS,human_approved,approved,project_owner_assisted_review,2026-07-29T04:10:47.317043+00:00
bm-aws-01,doc-aws-iam-access-denied-c025,3,official_documentation,aws,aws_permission_failure,AWS,human_approved,approved,project_owner_assisted_review,2026-07-29T04:10:47.317043+00:00
bm-aws-01,doc-aws-iam-access-denied-c026,3,official_documentation,aws,aws_permission_failure,AWS,human_approved,approved,project_owner_assisted_review,2026-07-29T04:10:47.317043+00:00
bm-aws-01,doc-aws-iam-access-denied-c027,3,official_documentation,aws,aws_permission_failure,AWS,human_approved,approved,project_owner_assisted_review,2026-07-29T04:10:47.317043+00:00
bm-aws-01,doc-aws-iam-access-denied-c028,3,official_documentation,aws,aws_permission_failure,AWS,human_approved,approved,project_owner_assisted_review,2026-07-29T04:10:47.317043+00:00
bm-aws-01,doc-aws-iam-access-denied-c029,3,official_documentation,aws,aws_permission_failure,AWS,human_approved,approved,project_owner_assisted_review,2026-07-29T04:10:47.317043+00:00
bm-aws-01,doc-aws-iam-access-denied-c030,3,official_documentation,aws,aws_permission_failure,AWS,human_approved,approved,project_owner_assisted_review,2026-07-29T04:10:47.317043+00:00
bm-aws-01,doc-aws-iam-access-denied-c031,3,official_documentation,aws,aws_permission_failure,AWS,human_approved,approved,project_owner_assisted_review,2026-07-29T04:10:47.317043+00:00
bm-aws-01,doc-aws-iam-access-denied-c032,3,official_documentation,aws,aws_permission_failure,AWS,human_approved,approved,project_owner_assisted_review,2026-07-29T04:10:47.317043+00:00
bm-aws-01,doc-aws-iam-access-denied-c033,3,official_documentation,aws,aws_permission_failure,AWS,human_approved,approved,project_owner_assisted_review,2026-07-29T04:10:47.317043+00:00
bm-aws-01,doc-aws-iam-access-denied-c035,3,official_documentation,aws,aws_permission_failure,AWS,human_approved,approved,project_owner_assisted_review,2026-07-29T04:10:47.317043+00:00
bm-aws-01,doc-aws-iam-policies-c040,3,official_documentation,aws,aws_permission_failure,AWS,human_approved,approved,project_owner_assisted_review,2026-07-29T04:10:47.317043+00:00
bm-aws-01,kn-gh-hashicorp-terraform-provider-aws-48360-c002,3,research_knowledge,aws,aws_permission_failure,,human_approved,approved,project_owner_assisted_review,2026-07-29T04:10:47.317043+00:00
bm-aws-02,doc-aws-iam-access-denied-c031,3,official_documentation,aws,aws_permission_failure,AWS,human_approved,approved,project_owner_assisted_review,2026-07-29T04:10:47.317043+00:00
bm-aws-02,doc-aws-iam-access-denied-c032,3,official_documentation,aws,aws_permission_failure,AWS,human_approved,approved,project_owner_assisted_review,2026-07-29T04:10:47.317043+00:00
bm-aws-02,doc-aws-iam-policies-c010,3,official_documentation,aws,aws_permission_failure,AWS,human_approved,approved,project_owner_assisted_review,2026-07-29T04:10:47.317043+00:00
bm-aws-02,doc-aws-iam-roles-c001,3,official_documentation,aws,aws_permission_failure,AWS,human_approved,approved,project_owner_assisted_review,2026-07-29T04:10:47.317043+00:00
bm-aws-02,doc-aws-iam-roles-c003,3,official_documentation,aws,aws_permission_failure,AWS,human_approved,approved,project_owner_assisted_review,2026-07-29T04:10:47.317043+00:00
bm-aws-02,doc-aws-iam-roles-c004,3,official_documentation,aws,aws_permission_failure,AWS,human_approved,approved,project_owner_assisted_review,2026-07-29T04:10:47.317043+00:00
bm-aws-02,doc-aws-iam-roles-c006,3,official_documentation,aws,aws_permission_failure,AWS,human_approved,approved,project_owner_assisted_review,2026-07-29T04:10:47.317043+00:00
bm-aws-02,doc-aws-iam-roles-c010,3,official_documentation,aws,aws_permission_failure,AWS,human_approved,approved,project_owner_assisted_review,2026-07-29T04:10:47.317043+00:00
bm-aws-02,doc-aws-iam-roles-c011,3,official_documentation,aws,aws_permission_failure,AWS,human_approved,approved,project_owner_assisted_review,2026-07-29T04:10:47.317043+00:00
bm-aws-02,doc-aws-iam-roles-c012,3,official_documentation,aws,aws_permission_failure,AWS,human_approved,approved,project_owner_assisted_review,2026-07-29T04:10:47.317043+00:00
bm-aws-02,doc-aws-iam-roles-c013,3,official_documentation,aws,aws_permission_failure,AWS,human_approved,approved,project_owner_assisted_review,2026-07-29T04:10:47.317043+00:00
bm-aws-02,doc-aws-iam-roles-c020,3,official_documentation,aws,aws_permission_failure,AWS,human_approved,approved,project_owner_assisted_review,2026-07-29T04:10:47.317043+00:00
bm-aws-02,doc-aws-iam-roles-c022,3,official_documentation,aws,aws_permission_failure,AWS,human_approved,approved,project_owner_assisted_review,2026-07-29T04:10:47.317043+00:00
bm-aws-02,doc-aws-sts-assume-role-c001,3,official_documentation,aws,aws_permission_failure,AWS,human_approved,approved,project_owner_assisted_review,2026-07-29T04:10:47.317043+00:00
bm-aws-02,doc-aws-sts-assume-role-c003,3,official_documentation,aws,aws_permission_failure,AWS,human_approved,approved,project_owner_assisted_review,2026-07-29T04:10:47.317043+00:00
bm-aws-02,doc-aws-sts-assume-role-c005,3,official_documentation,aws,aws_permission_failure,AWS,human_approved,approved,project_owner_assisted_review,2026-07-29T04:10:47.317043+00:00
bm-aws-02,doc-aws-sts-assume-role-c020,3,official_documentation,aws,aws_permission_failure,AWS,human_approved,approved,project_owner_assisted_review,2026-07-29T04:10:47.317043+00:00
bm-aws-02,doc-aws-sts-assume-role-c028,3,official_documentation,aws,aws_permission_failure,AWS,human_approved,approved,project_owner_assisted_review,2026-07-29T04:10:47.317043+00:00
bm-aws-03,doc-aws-iam-access-denied-c000,3,official_documentation,aws,aws_permission_failure,AWS,human_approved,approved,project_owner_assisted_review,2026-07-29T04:10:47.317043+00:00
bm-aws-03,doc-aws-iam-access-denied-c001,3,official_documentation,aws,aws_permission_failure,AWS,human_approved,approved,project_owner_assisted_review,2026-07-29T04:10:47.317043+00:00
bm-aws-03,doc-aws-iam-access-denied-c004,3,official_documentation,aws,aws_permission_failure,AWS,human_approved,approved,project_owner_assisted_review,2026-07-29T04:10:47.317043+00:00
bm-aws-03,doc-aws-iam-access-denied-c008,3,official_documentation,aws,aws_permission_failure,AWS,human_approved,approved,project_owner_assisted_review,2026-07-29T04:10:47.317043+00:00
bm-aws-03,doc-aws-iam-access-denied-c009,3,official_documentation,aws,aws_permission_failure,AWS,human_approved,approved,project_owner_assisted_review,2026-07-29T04:10:47.317043+00:00
bm-aws-03,doc-aws-iam-access-denied-c015,3,official_documentation,aws,aws_permission_failure,AWS,human_approved,approved,project_owner_assisted_review,2026-07-29T04:10:47.317043+00:00
bm-aws-03,doc-aws-iam-access-denied-c016,3,official_documentation,aws,aws_permission_failure,AWS,human_approved,approved,project_owner_assisted_review,2026-07-29T04:10:47.317043+00:00
bm-aws-03,doc-aws-iam-access-denied-c019,3,official_documentation,aws,aws_permission_failure,AWS,human_approved,approved,project_owner_assisted_review,2026-07-29T04:10:47.317043+00:00
bm-aws-03,doc-aws-iam-access-denied-c023,3,official_documentation,aws,aws_permission_failure,AWS,human_approved,approved,project_owner_assisted_review,2026-07-29T04:10:47.317043+00:00
bm-aws-03,doc-aws-iam-access-denied-c026,3,official_documentation,aws,aws_permission_failure,AWS,human_approved,approved,project_owner_assisted_review,2026-07-29T04:10:47.317043+00:00
bm-aws-03,doc-aws-iam-access-denied-c029,3,official_documentation,aws,aws_permission_failure,AWS,human_approved,approved,project_owner_assisted_review,2026-07-29T04:10:47.317043+00:00
bm-aws-03,doc-aws-iam-access-denied-c031,3,official_documentation,aws,aws_permission_failure,AWS,human_approved,approved,project_owner_assisted_review,2026-07-29T04:10:47.317043+00:00
bm-aws-03,kn-gh-hashicorp-terraform-provider-aws-27027-c002,2,research_knowledge,aws,terraform_failure,,human_approved,approved,project_owner_assisted_review,2026-07-29T04:10:47.317043+00:00
bm-aws-03,kn-gh-hashicorp-terraform-provider-aws-38538-c000,3,research_knowledge,aws,aws_permission_failure,,human_approved,approved,project_owner_assisted_review,2026-07-29T04:10:47.317043+00:00
bm-aws-03,kn-gh-hashicorp-terraform-provider-aws-38538-c002,3,research_knowledge,aws,aws_permission_failure,,human_approved,approved,project_owner_assisted_review,2026-07-29T04:10:47.317043+00:00
bm-aws-04,doc-aws-iam-access-denied-c008,3,official_documentation,aws,aws_permission_failure,AWS,human_approved,approved,project_owner_assisted_review,2026-07-29T04:10:47.317043+00:00
bm-aws-04,doc-aws-iam-access-denied-c012,3,official_documentation,aws,aws_permission_failure,AWS,human_approved,approved,project_owner_assisted_review,2026-07-29T04:10:47.317043+00:00
bm-aws-04,doc-aws-iam-access-denied-c016,3,official_documentation,aws,aws_permission_failure,AWS,human_approved,approved,project_owner_assisted_review,2026-07-29T04:10:47.317043+00:00
bm-aws-04,doc-aws-iam-access-denied-c026,3,official_documentation,aws,aws_permission_failure,AWS,human_approved,approved,project_owner_assisted_review,2026-07-29T04:10:47.317043+00:00
bm-aws-04,doc-aws-iam-access-denied-c029,3,official_documentation,aws,aws_permission_failure,AWS,human_approved,approved,project_owner_assisted_review,2026-07-29T04:10:47.317043+00:00
bm-aws-04,doc-aws-iam-policies-c033,3,official_documentation,aws,aws_permission_failure,AWS,human_approved,approved,project_owner_assisted_review,2026-07-29T04:10:47.317043+00:00
bm-aws-04,doc-aws-iam-policies-c034,3,official_documentation,aws,aws_permission_failure,AWS,human_approved,approved,project_owner_assisted_review,2026-07-29T04:10:47.317043+00:00
bm-aws-04,kn-gh-hashicorp-terraform-provider-aws-48880-c001,2,research_knowledge,aws,terraform_failure,,human_approved,approved,project_owner_assisted_review,2026-07-29T04:10:47.317043+00:00
bm-aws-05,doc-aws-iam-access-denied-c008,3,official_documentation,aws,aws_permission_failure,AWS,human_approved,approved,project_owner_assisted_review,2026-07-29T04:10:47.317043+00:00
bm-aws-05,doc-aws-iam-access-denied-c031,3,official_documentation,aws,aws_permission_failure,AWS,human_approved,approved,project_owner_assisted_review,2026-07-29T04:10:47.317043+00:00
bm-aws-05,doc-aws-iam-access-denied-c032,3,official_documentation,aws,aws_permission_failure,AWS,human_approved,approved,project_owner_assisted_review,2026-07-29T04:10:47.317043+00:00
bm-aws-05,doc-aws-iam-access-denied-c033,3,official_documentation,aws,aws_permission_failure,AWS,human_approved,approved,project_owner_assisted_review,2026-07-29T04:10:47.317043+00:00
bm-aws-05,doc-aws-iam-access-denied-c035,3,official_documentation,aws,aws_permission_failure,AWS,human_approved,approved,project_owner_assisted_review,2026-07-29T04:10:47.317043+00:00
bm-aws-05,doc-aws-iam-policies-c021,3,official_documentation,aws,aws_permission_failure,AWS,human_approved,approved,project_owner_assisted_review,2026-07-29T04:10:47.317043+00:00
bm-aws-05,doc-aws-iam-roles-c006,3,official_documentation,aws,aws_permission_failure,AWS,human_approved,approved,project_owner_assisted_review,2026-07-29T04:10:47.317043+00:00
bm-aws-05,doc-aws-iam-roles-c010,3,official_documentation,aws,aws_permission_failure,AWS,human_approved,approved,project_owner_assisted_review,2026-07-29T04:10:47.317043+00:00
bm-aws-05,doc-aws-iam-roles-c014,3,official_documentation,aws,aws_permission_failure,AWS,human_approved,approved,project_owner_assisted_review,2026-07-29T04:10:47.317043+00:00
bm-aws-05,doc-aws-sts-assume-role-c000,3,official_documentation,aws,aws_permission_failure,AWS,human_approved,approved,project_owner_assisted_review,2026-07-29T04:10:47.317043+00:00
bm-aws-05,doc-aws-sts-assume-role-c001,3,official_documentation,aws,aws_permission_failure,AWS,human_approved,approved,project_owner_assisted_review,2026-07-29T04:10:47.317043+00:00
bm-aws-05,doc-aws-sts-assume-role-c010,3,official_documentation,aws,aws_permission_failure,AWS,human_approved,approved,project_owner_assisted_review,2026-07-29T04:10:47.317043+00:00
bm-aws-05,doc-aws-sts-assume-role-c016,3,official_documentation,aws,aws_permission_failure,AWS,human_approved,approved,project_owner_assisted_review,2026-07-29T04:10:47.317043+00:00
bm-aws-05,doc-aws-sts-assume-role-c018,3,official_documentation,aws,aws_permission_failure,AWS,human_approved,approved,project_owner_assisted_review,2026-07-29T04:10:47.317043+00:00
bm-aws-05,doc-aws-sts-assume-role-c020,3,official_documentation,aws,aws_permission_failure,AWS,human_approved,approved,project_owner_assisted_review,2026-07-29T04:10:47.317043+00:00
bm-aws-05,doc-aws-sts-assume-role-c026,2,official_documentation,aws,aws_permission_failure,AWS,human_approved,approved,project_owner_assisted_review,2026-07-29T04:10:47.317043+00:00
bm-aws-05,doc-aws-sts-assume-role-c027,3,official_documentation,aws,aws_permission_failure,AWS,human_approved,approved,project_owner_assisted_review,2026-07-29T04:10:47.317043+00:00
bm-aws-05,doc-aws-sts-assume-role-c030,3,official_documentation,aws,aws_permission_failure,AWS,human_approved,approved,project_owner_assisted_review,2026-07-29T04:10:47.317043+00:00
bm-aws-05,doc-aws-sts-assume-role-c034,3,official_documentation,aws,aws_permission_failure,AWS,human_approved,approved,project_owner_assisted_review,2026-07-29T04:10:47.317043+00:00
bm-aws-06,doc-aws-iam-access-denied-c008,3,official_documentation,aws,aws_permission_failure,AWS,human_approved,approved,project_owner_assisted_review,2026-07-29T04:10:47.317043+00:00
bm-aws-06,doc-aws-iam-access-denied-c016,3,official_documentation,aws,aws_permission_failure,AWS,human_approved,approved,project_owner_assisted_review,2026-07-29T04:10:47.317043+00:00
bm-aws-06,doc-aws-iam-access-denied-c025,2,official_documentation,aws,aws_permission_failure,AWS,human_approved,approved,project_owner_assisted_review,2026-07-29T04:10:47.317043+00:00
bm-aws-06,doc-aws-iam-access-denied-c026,3,official_documentation,aws,aws_permission_failure,AWS,human_approved,approved,project_owner_assisted_review,2026-07-29T04:10:47.317043+00:00
bm-aws-06,doc-aws-iam-access-denied-c033,3,official_documentation,aws,aws_permission_failure,AWS,human_approved,approved,project_owner_assisted_review,2026-07-29T04:10:47.317043+00:00
bm-aws-06,doc-aws-iam-policies-c041,3,official_documentation,aws,aws_permission_failure,AWS,human_approved,approved,project_owner_assisted_review,2026-07-29T04:10:47.317043+00:00
bm-aws-06,doc-aws-sts-assume-role-c028,3,official_documentation,aws,aws_permission_failure,AWS,human_approved,approved,project_owner_assisted_review,2026-07-29T04:10:47.317043+00:00
bm-aws-06,kn-gh-hashicorp-terraform-provider-aws-48360-c000,2,research_knowledge,aws,aws_permission_failure,,human_approved,approved,project_owner_assisted_review,2026-07-29T04:10:47.317043+00:00
bm-aws-06,kn-gh-hashicorp-terraform-provider-aws-48527-c001,2,research_knowledge,aws,terraform_failure,,human_approved,approved,project_owner_assisted_review,2026-07-29T04:10:47.317043+00:00
bm-aws-06,kn-gh-hashicorp-terraform-provider-aws-48527-c002,2,research_knowledge,aws,terraform_failure,,human_approved,approved,project_owner_assisted_review,2026-07-29T04:10:47.317043+00:00
bm-aws-06,kn-gh-hashicorp-terraform-provider-aws-49106-c000,2,research_knowledge,aws,aws_permission_failure,,human_approved,approved,project_owner_assisted_review,2026-07-29T04:10:47.317043+00:00
bm-aws-07,doc-aws-iam-access-denied-c016,2,official_documentation,aws,aws_permission_failure,AWS,human_approved,approved,project_owner_assisted_review,2026-07-29T04:10:47.317043+00:00
bm-aws-07,doc-aws-iam-access-denied-c026,2,official_documentation,aws,aws_permission_failure,AWS,human_approved,approved,project_owner_assisted_review,2026-07-29T04:10:47.317043+00:00
bm-aws-08,doc-aws-iam-access-denied-c000,3,official_documentation,aws,aws_permission_failure,AWS,human_approved,approved,project_owner_assisted_review,2026-07-29T04:10:47.317043+00:00
bm-aws-08,doc-aws-iam-access-denied-c001,3,official_documentation,aws,aws_permission_failure,AWS,human_approved,approved,project_owner_assisted_review,2026-07-29T04:10:47.317043+00:00
bm-aws-08,doc-aws-iam-access-denied-c004,3,official_documentation,aws,aws_permission_failure,AWS,human_approved,approved,project_owner_assisted_review,2026-07-29T04:10:47.317043+00:00
bm-aws-08,doc-aws-iam-access-denied-c005,3,official_documentation,aws,aws_permission_failure,AWS,human_approved,approved,project_owner_assisted_review,2026-07-29T04:10:47.317043+00:00
bm-aws-08,doc-aws-iam-access-denied-c008,3,official_documentation,aws,aws_permission_failure,AWS,human_approved,approved,project_owner_assisted_review,2026-07-29T04:10:47.317043+00:00
bm-aws-08,doc-aws-iam-access-denied-c009,3,official_documentation,aws,aws_permission_failure,AWS,human_approved,approved,project_owner_assisted_review,2026-07-29T04:10:47.317043+00:00
bm-aws-08,doc-aws-iam-access-denied-c012,3,official_documentation,aws,aws_permission_failure,AWS,human_approved,approved,project_owner_assisted_review,2026-07-29T04:10:47.317043+00:00
bm-aws-08,doc-aws-iam-access-denied-c015,3,official_documentation,aws,aws_permission_failure,AWS,human_approved,approved,project_owner_assisted_review,2026-07-29T04:10:47.317043+00:00
bm-aws-08,doc-aws-iam-access-denied-c016,3,official_documentation,aws,aws_permission_failure,AWS,human_approved,approved,project_owner_assisted_review,2026-07-29T04:10:47.317043+00:00
bm-aws-08,doc-aws-iam-access-denied-c025,3,official_documentation,aws,aws_permission_failure,AWS,human_approved,approved,project_owner_assisted_review,2026-07-29T04:10:47.317043+00:00
bm-aws-08,doc-aws-iam-access-denied-c026,3,official_documentation,aws,aws_permission_failure,AWS,human_approved,approved,project_owner_assisted_review,2026-07-29T04:10:47.317043+00:00
bm-aws-08,doc-aws-iam-access-denied-c029,3,official_documentation,aws,aws_permission_failure,AWS,human_approved,approved,project_owner_assisted_review,2026-07-29T04:10:47.317043+00:00
bm-aws-08,doc-aws-iam-access-denied-c031,3,official_documentation,aws,aws_permission_failure,AWS,human_approved,approved,project_owner_assisted_review,2026-07-29T04:10:47.317043+00:00
bm-aws-08,doc-aws-iam-access-denied-c032,3,official_documentation,aws,aws_permission_failure,AWS,human_approved,approved,project_owner_assisted_review,2026-07-29T04:10:47.317043+00:00
bm-aws-08,doc-aws-iam-access-denied-c033,3,official_documentation,aws,aws_permission_failure,AWS,human_approved,approved,project_owner_assisted_review,2026-07-29T04:10:47.317043+00:00
bm-aws-08,doc-aws-sts-assume-role-c001,3,official_documentation,aws,aws_permission_failure,AWS,human_approved,approved,project_owner_assisted_review,2026-07-29T04:10:47.317043+00:00
bm-aws-08,kn-gh-hashicorp-terraform-provider-aws-27027-c000,2,research_knowledge,aws,terraform_failure,,human_approved,approved,project_owner_assisted_review,2026-07-29T04:10:47.317043+00:00
bm-aws-08,kn-gh-hashicorp-terraform-provider-aws-27027-c002,2,research_knowledge,aws,terraform_failure,,human_approved,approved,project_owner_assisted_review,2026-07-29T04:10:47.317043+00:00
bm-aws-08,kn-gh-hashicorp-terraform-provider-aws-46934-c000,2,research_knowledge,aws,terraform_failure,,human_approved,approved,project_owner_assisted_review,2026-07-29T04:10:47.317043+00:00
bm-aws-09,doc-aws-iam-access-denied-c000,3,official_documentation,aws,aws_permission_failure,AWS,human_approved,approved,project_owner_assisted_review,2026-07-29T04:10:47.317043+00:00
bm-aws-09,doc-aws-iam-access-denied-c003,3,official_documentation,aws,aws_permission_failure,AWS,human_approved,approved,project_owner_assisted_review,2026-07-29T04:10:47.317043+00:00
bm-aws-09,doc-aws-iam-access-denied-c009,3,official_documentation,aws,aws_permission_failure,AWS,human_approved,approved,project_owner_assisted_review,2026-07-29T04:10:47.317043+00:00
bm-aws-09,doc-aws-iam-access-denied-c019,3,official_documentation,aws,aws_permission_failure,AWS,human_approved,approved,project_owner_assisted_review,2026-07-29T04:10:47.317043+00:00
bm-aws-09,doc-aws-iam-access-denied-c026,3,official_documentation,aws,aws_permission_failure,AWS,human_approved,approved,project_owner_assisted_review,2026-07-29T04:10:47.317043+00:00
bm-aws-09,doc-aws-iam-access-denied-c029,3,official_documentation,aws,aws_permission_failure,AWS,human_approved,approved,project_owner_assisted_review,2026-07-29T04:10:47.317043+00:00
bm-aws-09,doc-aws-iam-access-denied-c031,3,official_documentation,aws,aws_permission_failure,AWS,human_approved,approved,project_owner_assisted_review,2026-07-29T04:10:47.317043+00:00
bm-aws-09,doc-aws-iam-roles-c002,3,official_documentation,aws,aws_permission_failure,AWS,human_approved,approved,project_owner_assisted_review,2026-07-29T04:10:47.317043+00:00
bm-aws-09,doc-aws-iam-roles-c006,3,official_documentation,aws,aws_permission_failure,AWS,human_approved,approved,project_owner_assisted_review,2026-07-29T04:10:47.317043+00:00
bm-aws-09,doc-aws-iam-roles-c008,3,official_documentation,aws,aws_permission_failure,AWS,human_approved,approved,project_owner_assisted_review,2026-07-29T04:10:47.317043+00:00
bm-aws-09,doc-aws-sts-assume-role-c001,3,official_documentation,aws,aws_permission_failure,AWS,human_approved,approved,project_owner_assisted_review,2026-07-29T04:10:47.317043+00:00
bm-aws-09,doc-aws-sts-assume-role-c018,3,official_documentation,aws,aws_permission_failure,AWS,human_approved,approved,project_owner_assisted_review,2026-07-29T04:10:47.317043+00:00
bm-aws-09,doc-aws-sts-assume-role-c030,3,official_documentation,aws,aws_permission_failure,AWS,human_approved,approved,project_owner_assisted_review,2026-07-29T04:10:47.317043+00:00
bm-aws-09,kn-gh-hashicorp-terraform-provider-aws-27027-c002,2,research_knowledge,aws,terraform_failure,,human_approved,approved,project_owner_assisted_review,2026-07-29T04:10:47.317043+00:00
bm-aws-09,kn-gh-hashicorp-terraform-provider-aws-35273-c002,2,research_knowledge,aws,terraform_failure,,human_approved,approved,project_owner_assisted_review,2026-07-29T04:10:47.317043+00:00
bm-aws-09,kn-gh-hashicorp-terraform-provider-aws-38538-c000,3,research_knowledge,aws,aws_permission_failure,,human_approved,approved,project_owner_assisted_review,2026-07-29T04:10:47.317043+00:00
bm-aws-10,doc-aws-iam-access-denied-c000,3,official_documentation,aws,aws_permission_failure,AWS,human_approved,approved,project_owner_assisted_review,2026-07-29T04:10:47.317043+00:00
bm-aws-10,doc-aws-iam-access-denied-c001,3,official_documentation,aws,aws_permission_failure,AWS,human_approved,approved,project_owner_assisted_review,2026-07-29T04:10:47.317043+00:00
bm-aws-10,doc-aws-iam-access-denied-c008,3,official_documentation,aws,aws_permission_failure,AWS,human_approved,approved,project_owner_assisted_review,2026-07-29T04:10:47.317043+00:00
bm-aws-10,doc-aws-iam-access-denied-c016,3,official_documentation,aws,aws_permission_failure,AWS,human_approved,approved,project_owner_assisted_review,2026-07-29T04:10:47.317043+00:00
bm-aws-10,doc-aws-iam-access-denied-c017,3,official_documentation,aws,aws_permission_failure,AWS,human_approved,approved,project_owner_assisted_review,2026-07-29T04:10:47.317043+00:00
bm-aws-10,doc-aws-iam-access-denied-c019,3,official_documentation,aws,aws_permission_failure,AWS,human_approved,approved,project_owner_assisted_review,2026-07-29T04:10:47.317043+00:00
bm-aws-10,doc-aws-iam-access-denied-c020,2,official_documentation,aws,aws_permission_failure,AWS,human_approved,approved,project_owner_assisted_review,2026-07-29T04:10:47.317043+00:00
bm-aws-10,doc-aws-iam-access-denied-c021,3,official_documentation,aws,aws_permission_failure,AWS,human_approved,approved,project_owner_assisted_review,2026-07-29T04:10:47.317043+00:00
bm-aws-10,doc-aws-iam-access-denied-c026,3,official_documentation,aws,aws_permission_failure,AWS,human_approved,approved,project_owner_assisted_review,2026-07-29T04:10:47.317043+00:00
bm-aws-10,doc-aws-iam-access-denied-c029,3,official_documentation,aws,aws_permission_failure,AWS,human_approved,approved,project_owner_assisted_review,2026-07-29T04:10:47.317043+00:00
bm-aws-10,doc-aws-iam-access-denied-c030,3,official_documentation,aws,aws_permission_failure,AWS,human_approved,approved,project_owner_assisted_review,2026-07-29T04:10:47.317043+00:00
bm-aws-10,doc-aws-iam-access-denied-c031,3,official_documentation,aws,aws_permission_failure,AWS,human_approved,approved,project_owner_assisted_review,2026-07-29T04:10:47.317043+00:00
bm-aws-10,doc-aws-iam-access-denied-c032,3,official_documentation,aws,aws_permission_failure,AWS,human_approved,approved,project_owner_assisted_review,2026-07-29T04:10:47.317043+00:00
bm-aws-10,doc-aws-iam-access-denied-c033,3,official_documentation,aws,aws_permission_failure,AWS,human_approved,approved,project_owner_assisted_review,2026-07-29T04:10:47.317043+00:00
bm-aws-10,doc-aws-iam-policies-c033,3,official_documentation,aws,aws_permission_failure,AWS,human_approved,approved,project_owner_assisted_review,2026-07-29T04:10:47.317043+00:00
bm-aws-10,kn-gh-hashicorp-terraform-provider-aws-38538-c000,2,research_knowledge,aws,aws_permission_failure,,human_approved,approved,project_owner_assisted_review,2026-07-29T04:10:47.317043+00:00
bm-aws-10,kn-gh-hashicorp-terraform-provider-aws-38967-c000,2,research_knowledge,aws,aws_permission_failure,,human_approved,approved,project_owner_assisted_review,2026-07-29T04:10:47.317043+00:00
bm-aws-10,kn-gh-hashicorp-terraform-provider-aws-49106-c000,3,research_knowledge,aws,aws_permission_failure,,human_approved,approved,project_owner_assisted_review,2026-07-29T04:10:47.317043+00:00
bm-aws-11,doc-aws-iam-access-denied-c026,3,official_documentation,aws,aws_permission_failure,AWS,human_approved,approved,project_owner_assisted_review,2026-07-29T04:10:47.317043+00:00
bm-aws-11,doc-aws-iam-access-denied-c029,3,official_documentation,aws,aws_permission_failure,AWS,human_approved,approved,project_owner_assisted_review,2026-07-29T04:10:47.317043+00:00
bm-aws-11,doc-aws-iam-policies-c041,3,official_documentation,aws,aws_permission_failure,AWS,human_approved,approved,project_owner_assisted_review,2026-07-29T04:10:47.317043+00:00
bm-aws-11,doc-aws-sts-assume-role-c028,3,official_documentation,aws,aws_permission_failure,AWS,human_approved,approved,project_owner_assisted_review,2026-07-29T04:10:47.317043+00:00
bm-aws-11,kn-gh-hashicorp-terraform-provider-aws-16485-c000,2,research_knowledge,aws,terraform_failure,,human_approved,approved,project_owner_assisted_review,2026-07-29T04:10:47.317043+00:00
bm-aws-11,kn-gh-hashicorp-terraform-provider-aws-16485-c001,2,research_knowledge,aws,terraform_failure,,human_approved,approved,project_owner_assisted_review,2026-07-29T04:10:47.317043+00:00
bm-aws-11,kn-gh-hashicorp-terraform-provider-aws-16485-c002,2,research_knowledge,aws,terraform_failure,,human_approved,approved,project_owner_assisted_review,2026-07-29T04:10:47.317043+00:00
bm-aws-11,kn-gh-hashicorp-terraform-provider-aws-35158-c002,2,research_knowledge,aws,aws_permission_failure,,human_approved,approved,project_owner_assisted_review,2026-07-29T04:10:47.317043+00:00
bm-aws-11,kn-gh-hashicorp-terraform-provider-aws-38538-c000,3,research_knowledge,aws,aws_permission_failure,,human_approved,approved,project_owner_assisted_review,2026-07-29T04:10:47.317043+00:00
bm-aws-11,kn-gh-hashicorp-terraform-provider-aws-48360-c000,3,research_knowledge,aws,aws_permission_failure,,human_approved,approved,project_owner_assisted_review,2026-07-29T04:10:47.317043+00:00
bm-aws-11,kn-gh-hashicorp-terraform-provider-aws-48360-c002,3,research_knowledge,aws,aws_permission_failure,,human_approved,approved,project_owner_assisted_review,2026-07-29T04:10:47.317043+00:00
bm-aws-11,kn-gh-hashicorp-terraform-provider-aws-48567-c000,2,research_knowledge,aws,terraform_failure,,human_approved,approved,project_owner_assisted_review,2026-07-29T04:10:47.317043+00:00
bm-aws-11,kn-gh-hashicorp-terraform-provider-aws-49106-c000,3,research_knowledge,aws,aws_permission_failure,,human_approved,approved,project_owner_assisted_review,2026-07-29T04:10:47.317043+00:00
bm-aws-11,kn-gh-hashicorp-terraform-provider-aws-49106-c001,3,research_knowledge,aws,aws_permission_failure,,human_approved,approved,project_owner_assisted_review,2026-07-29T04:10:47.317043+00:00
bm-aws-11,kn-gh-hashicorp-terraform-provider-aws-49106-c002,3,research_knowledge,aws,aws_permission_failure,,human_approved,approved,project_owner_assisted_review,2026-07-29T04:10:47.317043+00:00
bm-aws-12,doc-aws-iam-access-denied-c005,3,official_documentation,aws,aws_permission_failure,AWS,human_approved,approved,project_owner_assisted_review,2026-07-29T04:10:47.317043+00:00
bm-aws-12,doc-aws-iam-access-denied-c012,3,official_documentation,aws,aws_permission_failure,AWS,human_approved,approved,project_owner_assisted_review,2026-07-29T04:10:47.317043+00:00
bm-aws-12,doc-aws-iam-access-denied-c018,3,official_documentation,aws,aws_permission_failure,AWS,human_approved,approved,project_owner_assisted_review,2026-07-29T04:10:47.317043+00:00
bm-aws-12,doc-aws-iam-access-denied-c023,3,official_documentation,aws,aws_permission_failure,AWS,human_approved,approved,project_owner_assisted_review,2026-07-29T04:10:47.317043+00:00
bm-aws-12,doc-aws-iam-access-denied-c026,3,official_documentation,aws,aws_permission_failure,AWS,human_approved,approved,project_owner_assisted_review,2026-07-29T04:10:47.317043+00:00
bm-aws-12,doc-aws-iam-access-denied-c029,3,official_documentation,aws,aws_permission_failure,AWS,human_approved,approved,project_owner_assisted_review,2026-07-29T04:10:47.317043+00:00
bm-aws-12,doc-aws-iam-access-denied-c031,3,official_documentation,aws,aws_permission_failure,AWS,human_approved,approved,project_owner_assisted_review,2026-07-29T04:10:47.317043+00:00
bm-aws-12,doc-aws-iam-access-denied-c032,3,official_documentation,aws,aws_permission_failure,AWS,human_approved,approved,project_owner_assisted_review,2026-07-29T04:10:47.317043+00:00
bm-aws-12,doc-aws-iam-access-denied-c033,3,official_documentation,aws,aws_permission_failure,AWS,human_approved,approved,project_owner_assisted_review,2026-07-29T04:10:47.317043+00:00
bm-aws-12,doc-aws-iam-policies-c000,3,official_documentation,aws,aws_permission_failure,AWS,human_approved,approved,project_owner_assisted_review,2026-07-29T04:10:47.317043+00:00
bm-aws-12,doc-aws-iam-policies-c028,3,official_documentation,aws,aws_permission_failure,AWS,human_approved,approved,project_owner_assisted_review,2026-07-29T04:10:47.317043+00:00
bm-aws-12,doc-aws-iam-policies-c030,3,official_documentation,aws,aws_permission_failure,AWS,human_approved,approved,project_owner_assisted_review,2026-07-29T04:10:47.317043+00:00
bm-aws-12,doc-aws-iam-policies-c033,3,official_documentation,aws,aws_permission_failure,AWS,human_approved,approved,project_owner_assisted_review,2026-07-29T04:10:47.317043+00:00
bm-aws-12,doc-aws-iam-policies-c034,3,official_documentation,aws,aws_permission_failure,AWS,human_approved,approved,project_owner_assisted_review,2026-07-29T04:10:47.317043+00:00
bm-aws-12,doc-aws-iam-policies-c035,3,official_documentation,aws,aws_permission_failure,AWS,human_approved,approved,project_owner_assisted_review,2026-07-29T04:10:47.317043+00:00
bm-aws-12,doc-aws-iam-policies-c039,3,official_documentation,aws,aws_permission_failure,AWS,human_approved,approved,project_owner_assisted_review,2026-07-29T04:10:47.317043+00:00
bm-aws-12,doc-aws-iam-policies-c041,3,official_documentation,aws,aws_permission_failure,AWS,human_approved,approved,project_owner_assisted_review,2026-07-29T04:10:47.317043+00:00
bm-aws-12,doc-aws-sts-assume-role-c011,3,official_documentation,aws,aws_permission_failure,AWS,human_approved,approved,project_owner_assisted_review,2026-07-29T04:10:47.317043+00:00
bm-aws-12,kn-gh-hashicorp-terraform-provider-aws-26164-c001,1,research_knowledge,aws,terraform_failure,,human_approved,approved,project_owner_assisted_review,2026-07-29T04:10:47.317043+00:00
bm-aws-12,kn-gh-hashicorp-terraform-provider-aws-26164-c003,1,research_knowledge,aws,terraform_failure,,human_approved,approved,project_owner_assisted_review,2026-07-29T04:10:47.317043+00:00
bm-aws-13,doc-aws-iam-access-denied-c008,3,official_documentation,aws,aws_permission_failure,AWS,human_approved,approved,project_owner_assisted_review,2026-07-29T04:10:47.317043+00:00
bm-aws-13,doc-aws-iam-access-denied-c016,3,official_documentation,aws,aws_permission_failure,AWS,human_approved,approved,project_owner_assisted_review,2026-07-29T04:10:47.317043+00:00
bm-aws-13,doc-aws-iam-access-denied-c018,3,official_documentation,aws,aws_permission_failure,AWS,human_approved,approved,project_owner_assisted_review,2026-07-29T04:10:47.317043+00:00
bm-aws-13,doc-aws-iam-access-denied-c021,3,official_documentation,aws,aws_permission_failure,AWS,human_approved,approved,project_owner_assisted_review,2026-07-29T04:10:47.317043+00:00
bm-aws-13,doc-aws-iam-access-denied-c023,3,official_documentation,aws,aws_permission_failure,AWS,human_approved,approved,project_owner_assisted_review,2026-07-29T04:10:47.317043+00:00
bm-aws-13,doc-aws-iam-access-denied-c025,3,official_documentation,aws,aws_permission_failure,AWS,human_approved,approved,project_owner_assisted_review,2026-07-29T04:10:47.317043+00:00
bm-aws-13,doc-aws-iam-access-denied-c026,3,official_documentation,aws,aws_permission_failure,AWS,human_approved,approved,project_owner_assisted_review,2026-07-29T04:10:47.317043+00:00
bm-aws-13,doc-aws-iam-access-denied-c028,3,official_documentation,aws,aws_permission_failure,AWS,human_approved,approved,project_owner_assisted_review,2026-07-29T04:10:47.317043+00:00
bm-aws-13,doc-aws-iam-access-denied-c029,3,official_documentation,aws,aws_permission_failure,AWS,human_approved,approved,project_owner_assisted_review,2026-07-29T04:10:47.317043+00:00
bm-aws-13,doc-aws-iam-access-denied-c031,3,official_documentation,aws,aws_permission_failure,AWS,human_approved,approved,project_owner_assisted_review,2026-07-29T04:10:47.317043+00:00
bm-aws-13,doc-aws-iam-access-denied-c032,3,official_documentation,aws,aws_permission_failure,AWS,human_approved,approved,project_owner_assisted_review,2026-07-29T04:10:47.317043+00:00
bm-aws-13,doc-aws-iam-access-denied-c033,3,official_documentation,aws,aws_permission_failure,AWS,human_approved,approved,project_owner_assisted_review,2026-07-29T04:10:47.317043+00:00
bm-aws-13,doc-aws-iam-access-denied-c035,3,official_documentation,aws,aws_permission_failure,AWS,human_approved,approved,project_owner_assisted_review,2026-07-29T04:10:47.317043+00:00
bm-aws-13,doc-aws-iam-policies-c036,3,official_documentation,aws,aws_permission_failure,AWS,human_approved,approved,project_owner_assisted_review,2026-07-29T04:10:47.317043+00:00
bm-aws-13,doc-aws-iam-roles-c003,3,official_documentation,aws,aws_permission_failure,AWS,human_approved,approved,project_owner_assisted_review,2026-07-29T04:10:47.317043+00:00
bm-aws-13,doc-aws-iam-roles-c010,3,official_documentation,aws,aws_permission_failure,AWS,human_approved,approved,project_owner_assisted_review,2026-07-29T04:10:47.317043+00:00
bm-aws-13,doc-aws-sts-assume-role-c001,3,official_documentation,aws,aws_permission_failure,AWS,human_approved,approved,project_owner_assisted_review,2026-07-29T04:10:47.317043+00:00
bm-aws-13,doc-aws-sts-assume-role-c003,3,official_documentation,aws,aws_permission_failure,AWS,human_approved,approved,project_owner_assisted_review,2026-07-29T04:10:47.317043+00:00
bm-aws-13,doc-aws-sts-assume-role-c036,3,official_documentation,aws,aws_permission_failure,AWS,human_approved,approved,project_owner_assisted_review,2026-07-29T04:10:47.317043+00:00
bm-aws-14,doc-aws-iam-access-denied-c000,3,official_documentation,aws,aws_permission_failure,AWS,human_approved,approved,project_owner_assisted_review,2026-07-29T04:10:47.317043+00:00
bm-aws-14,doc-aws-iam-access-denied-c005,3,official_documentation,aws,aws_permission_failure,AWS,human_approved,approved,project_owner_assisted_review,2026-07-29T04:10:47.317043+00:00
bm-aws-14,doc-aws-iam-access-denied-c008,3,official_documentation,aws,aws_permission_failure,AWS,human_approved,approved,project_owner_assisted_review,2026-07-29T04:10:47.317043+00:00
bm-aws-14,doc-aws-iam-access-denied-c009,3,official_documentation,aws,aws_permission_failure,AWS,human_approved,approved,project_owner_assisted_review,2026-07-29T04:10:47.317043+00:00
bm-aws-14,doc-aws-iam-access-denied-c016,3,official_documentation,aws,aws_permission_failure,AWS,human_approved,approved,project_owner_assisted_review,2026-07-29T04:10:47.317043+00:00
bm-aws-14,doc-aws-iam-access-denied-c018,3,official_documentation,aws,aws_permission_failure,AWS,human_approved,approved,project_owner_assisted_review,2026-07-29T04:10:47.317043+00:00
bm-aws-14,doc-aws-iam-access-denied-c019,3,official_documentation,aws,aws_permission_failure,AWS,human_approved,approved,project_owner_assisted_review,2026-07-29T04:10:47.317043+00:00
bm-aws-14,doc-aws-iam-access-denied-c020,3,official_documentation,aws,aws_permission_failure,AWS,human_approved,approved,project_owner_assisted_review,2026-07-29T04:10:47.317043+00:00
bm-aws-14,doc-aws-iam-access-denied-c021,3,official_documentation,aws,aws_permission_failure,AWS,human_approved,approved,project_owner_assisted_review,2026-07-29T04:10:47.317043+00:00
bm-aws-14,doc-aws-iam-access-denied-c023,3,official_documentation,aws,aws_permission_failure,AWS,human_approved,approved,project_owner_assisted_review,2026-07-29T04:10:47.317043+00:00
bm-aws-14,doc-aws-iam-access-denied-c026,3,official_documentation,aws,aws_permission_failure,AWS,human_approved,approved,project_owner_assisted_review,2026-07-29T04:10:47.317043+00:00
bm-aws-14,doc-aws-iam-access-denied-c029,3,official_documentation,aws,aws_permission_failure,AWS,human_approved,approved,project_owner_assisted_review,2026-07-29T04:10:47.317043+00:00
bm-aws-14,doc-aws-iam-access-denied-c030,3,official_documentation,aws,aws_permission_failure,AWS,human_approved,approved,project_owner_assisted_review,2026-07-29T04:10:47.317043+00:00
bm-aws-14,doc-aws-iam-access-denied-c031,3,official_documentation,aws,aws_permission_failure,AWS,human_approved,approved,project_owner_assisted_review,2026-07-29T04:10:47.317043+00:00
bm-aws-14,doc-aws-iam-access-denied-c032,3,official_documentation,aws,aws_permission_failure,AWS,human_approved,approved,project_owner_assisted_review,2026-07-29T04:10:47.317043+00:00
bm-aws-14,doc-aws-iam-access-denied-c033,3,official_documentation,aws,aws_permission_failure,AWS,human_approved,approved,project_owner_assisted_review,2026-07-29T04:10:47.317043+00:00
bm-aws-14,doc-aws-sts-assume-role-c001,3,official_documentation,aws,aws_permission_failure,AWS,human_approved,approved,project_owner_assisted_review,2026-07-29T04:10:47.317043+00:00
bm-aws-15,doc-aws-iam-access-denied-c004,3,official_documentation,aws,aws_permission_failure,AWS,human_approved,approved,project_owner_assisted_review,2026-07-29T04:10:47.317043+00:00
bm-aws-15,doc-aws-iam-access-denied-c008,3,official_documentation,aws,aws_permission_failure,AWS,human_approved,approved,project_owner_assisted_review,2026-07-29T04:10:47.317043+00:00
bm-aws-15,doc-aws-iam-access-denied-c016,3,official_documentation,aws,aws_permission_failure,AWS,human_approved,approved,project_owner_assisted_review,2026-07-29T04:10:47.317043+00:00
bm-aws-15,doc-aws-iam-access-denied-c017,3,official_documentation,aws,aws_permission_failure,AWS,human_approved,approved,project_owner_assisted_review,2026-07-29T04:10:47.317043+00:00
bm-aws-15,doc-aws-iam-access-denied-c018,3,official_documentation,aws,aws_permission_failure,AWS,human_approved,approved,project_owner_assisted_review,2026-07-29T04:10:47.317043+00:00
bm-aws-15,doc-aws-iam-access-denied-c019,3,official_documentation,aws,aws_permission_failure,AWS,human_approved,approved,project_owner_assisted_review,2026-07-29T04:10:47.317043+00:00
bm-aws-15,doc-aws-iam-access-denied-c020,3,official_documentation,aws,aws_permission_failure,AWS,human_approved,approved,project_owner_assisted_review,2026-07-29T04:10:47.317043+00:00
bm-aws-15,doc-aws-iam-access-denied-c021,3,official_documentation,aws,aws_permission_failure,AWS,human_approved,approved,project_owner_assisted_review,2026-07-29T04:10:47.317043+00:00
bm-aws-15,doc-aws-iam-access-denied-c022,3,official_documentation,aws,aws_permission_failure,AWS,human_approved,approved,project_owner_assisted_review,2026-07-29T04:10:47.317043+00:00
bm-aws-15,doc-aws-iam-access-denied-c026,3,official_documentation,aws,aws_permission_failure,AWS,human_approved,approved,project_owner_assisted_review,2026-07-29T04:10:47.317043+00:00
bm-aws-15,doc-aws-iam-access-denied-c027,3,official_documentation,aws,aws_permission_failure,AWS,human_approved,approved,project_owner_assisted_review,2026-07-29T04:10:47.317043+00:00
bm-aws-15,doc-aws-iam-access-denied-c029,3,official_documentation,aws,aws_permission_failure,AWS,human_approved,approved,project_owner_assisted_review,2026-07-29T04:10:47.317043+00:00
bm-aws-15,doc-aws-iam-access-denied-c030,3,official_documentation,aws,aws_permission_failure,AWS,human_approved,approved,project_owner_assisted_review,2026-07-29T04:10:47.317043+00:00
bm-aws-15,doc-aws-iam-access-denied-c031,3,official_documentation,aws,aws_permission_failure,AWS,human_approved,approved,project_owner_assisted_review,2026-07-29T04:10:47.317043+00:00
bm-aws-15,doc-aws-iam-access-denied-c033,3,official_documentation,aws,aws_permission_failure,AWS,human_approved,approved,project_owner_assisted_review,2026-07-29T04:10:47.317043+00:00
bm-aws-15,doc-aws-iam-policies-c001,3,official_documentation,aws,aws_permission_failure,AWS,human_approved,approved,project_owner_assisted_review,2026-07-29T04:10:47.317043+00:00
bm-aws-15,doc-aws-iam-policies-c004,3,official_documentation,aws,aws_permission_failure,AWS,human_approved,approved,project_owner_assisted_review,2026-07-29T04:10:47.317043+00:00
bm-aws-15,doc-aws-iam-policies-c012,3,official_documentation,aws,aws_permission_failure,AWS,human_approved,approved,project_owner_assisted_review,2026-07-29T04:10:47.317043+00:00
bm-aws-15,kn-gh-hashicorp-terraform-provider-aws-35273-c001,1,research_knowledge,aws,terraform_failure,,human_approved,approved,project_owner_assisted_review,2026-07-29T04:10:47.317043+00:00
bm-cfg-01,kn-gh-actions-cache-1104-c000,2,research_knowledge,github_actions,configuration_failure,,human_approved,approved,project_owner_assisted_review,2026-07-29T04:10:47.317043+00:00
bm-cfg-01,kn-gh-actions-cache-1114-c001,3,research_knowledge,github_actions,configuration_failure,,human_approved,approved,project_owner_assisted_review,2026-07-29T04:10:47.317043+00:00
bm-cfg-01,kn-gh-actions-cache-120-c000,3,research_knowledge,github_actions,configuration_failure,,human_approved,approved,project_owner_assisted_review,2026-07-29T04:10:47.317043+00:00
bm-cfg-01,kn-gh-actions-cache-1315-c001,2,research_knowledge,github_actions,configuration_failure,,human_approved,approved,project_owner_assisted_review,2026-07-29T04:10:47.317043+00:00
bm-cfg-01,kn-gh-actions-cache-1552-c002,2,research_knowledge,github_actions,configuration_failure,,human_approved,approved,project_owner_assisted_review,2026-07-29T04:10:47.317043+00:00
bm-cfg-01,kn-gh-actions-cache-1626-c001,3,research_knowledge,github_actions,configuration_failure,,human_approved,approved,project_owner_assisted_review,2026-07-29T04:10:47.317043+00:00
bm-cfg-01,kn-gh-actions-cache-191-c000,2,research_knowledge,github_actions,configuration_failure,,human_approved,approved,project_owner_assisted_review,2026-07-29T04:10:47.317043+00:00
bm-cfg-01,kn-gh-actions-cache-362-c000,3,research_knowledge,github_actions,configuration_failure,,human_approved,approved,project_owner_assisted_review,2026-07-29T04:10:47.317043+00:00
bm-cfg-01,kn-gh-actions-cache-666-c000,3,research_knowledge,github_actions,configuration_failure,,human_approved,approved,project_owner_assisted_review,2026-07-29T04:10:47.317043+00:00
bm-cfg-01,kn-gh-actions-cache-666-c001,3,research_knowledge,github_actions,configuration_failure,,human_approved,approved,project_owner_assisted_review,2026-07-29T04:10:47.317043+00:00
bm-cfg-01,kn-gh-actions-cache-684-c001,3,research_knowledge,github_actions,configuration_failure,,human_approved,approved,project_owner_assisted_review,2026-07-29T04:10:47.317043+00:00
bm-cfg-01,kn-gh-actions-cache-710-c001,3,research_knowledge,github_actions,configuration_failure,,human_approved,approved,project_owner_assisted_review,2026-07-29T04:10:47.317043+00:00
bm-cfg-01,kn-gh-actions-cache-757-c001,2,research_knowledge,github_actions,docker_failure,,human_approved,approved,project_owner_assisted_review,2026-07-29T04:10:47.317043+00:00
bm-cfg-01,kn-gh-actions-cache-815-c002,2,research_knowledge,github_actions,dependency_failure,,human_approved,approved,project_owner_assisted_review,2026-07-29T04:10:47.317043+00:00
bm-cfg-01,kn-gh-actions-cache-926-c000,3,research_knowledge,github_actions,configuration_failure,,human_approved,approved,project_owner_assisted_review,2026-07-29T04:10:47.317043+00:00
bm-cfg-01,kn-gh-actions-cache-941-c001,3,research_knowledge,github_actions,configuration_failure,,human_approved,approved,project_owner_assisted_review,2026-07-29T04:10:47.317043+00:00
bm-cfg-01,kn-gh-actions-cache-952-c001,3,research_knowledge,github_actions,configuration_failure,,human_approved,approved,project_owner_assisted_review,2026-07-29T04:10:47.317043+00:00
bm-cfg-02,doc-docker-dockerfile-reference-c040,2,official_documentation,docker,docker_failure,Docker,human_approved,approved,project_owner_assisted_review,2026-07-29T04:10:47.317043+00:00
bm-cfg-02,doc-docker-dockerfile-reference-c097,2,official_documentation,docker,docker_failure,Docker,human_approved,approved,project_owner_assisted_review,2026-07-29T04:10:47.317043+00:00
bm-cfg-02,doc-docker-dockerfile-reference-c179,2,official_documentation,docker,docker_failure,Docker,human_approved,approved,project_owner_assisted_review,2026-07-29T04:10:47.317043+00:00
bm-cfg-02,doc-gha-workflow-syntax-c077,2,official_documentation,github_actions,configuration_failure,GitHub Actions,human_approved,approved,project_owner_assisted_review,2026-07-29T04:10:47.317043+00:00
bm-cfg-02,doc-gha-workflow-syntax-c133,3,official_documentation,github_actions,configuration_failure,GitHub Actions,human_approved,approved,project_owner_assisted_review,2026-07-29T04:10:47.317043+00:00
bm-cfg-02,doc-gha-workflow-syntax-c134,3,official_documentation,github_actions,configuration_failure,GitHub Actions,human_approved,approved,project_owner_assisted_review,2026-07-29T04:10:47.317043+00:00
bm-cfg-02,doc-gha-workflow-syntax-c138,3,official_documentation,github_actions,configuration_failure,GitHub Actions,human_approved,approved,project_owner_assisted_review,2026-07-29T04:10:47.317043+00:00
bm-cfg-02,doc-gha-workflow-syntax-c257,3,official_documentation,github_actions,configuration_failure,GitHub Actions,human_approved,approved,project_owner_assisted_review,2026-07-29T04:10:47.317043+00:00
bm-cfg-02,kn-gh-actions-runner-4292-c001,3,research_knowledge,github_actions,configuration_failure,,human_approved,approved,project_owner_assisted_review,2026-07-29T04:10:47.317043+00:00
bm-cfg-02,kn-gh-docker-compose-12302-c000,2,research_knowledge,docker,docker_failure,,human_approved,approved,project_owner_assisted_review,2026-07-29T04:10:47.317043+00:00
bm-cfg-02,kn-gh-docker-compose-12302-c001,2,research_knowledge,docker,docker_failure,,human_approved,approved,project_owner_assisted_review,2026-07-29T04:10:47.317043+00:00
bm-cfg-02,kn-gh-docker-compose-13718-c000,2,research_knowledge,docker,docker_failure,,human_approved,approved,project_owner_assisted_review,2026-07-29T04:10:47.317043+00:00
bm-cfg-03,doc-gha-workflow-syntax-c001,3,official_documentation,github_actions,configuration_failure,GitHub Actions,human_approved,approved,project_owner_assisted_review,2026-07-29T04:10:47.317043+00:00
bm-cfg-03,doc-gha-workflow-syntax-c002,3,official_documentation,github_actions,configuration_failure,GitHub Actions,human_approved,approved,project_owner_assisted_review,2026-07-29T04:10:47.317043+00:00
bm-cfg-03,doc-gha-workflow-syntax-c007,3,official_documentation,github_actions,configuration_failure,GitHub Actions,human_approved,approved,project_owner_assisted_review,2026-07-29T04:10:47.317043+00:00
bm-cfg-03,doc-gha-workflow-syntax-c168,3,official_documentation,github_actions,configuration_failure,GitHub Actions,human_approved,approved,project_owner_assisted_review,2026-07-29T04:10:47.317043+00:00
bm-cfg-03,doc-gha-workflow-syntax-c277,3,official_documentation,github_actions,configuration_failure,GitHub Actions,human_approved,approved,project_owner_assisted_review,2026-07-29T04:10:47.317043+00:00
bm-cfg-03,kn-gh-actions-runner-2238-c001,3,research_knowledge,github_actions,configuration_failure,,human_approved,approved,project_owner_assisted_review,2026-07-29T04:10:47.317043+00:00
bm-cfg-03,kn-gh-actions-runner-2417-c001,3,research_knowledge,github_actions,configuration_failure,,human_approved,approved,project_owner_assisted_review,2026-07-29T04:10:47.317043+00:00
bm-cfg-03,kn-gh-actions-runner-3598-c001,2,research_knowledge,github_actions,docker_failure,,human_approved,approved,project_owner_assisted_review,2026-07-29T04:10:47.317043+00:00
bm-cfg-03,kn-gh-actions-runner-3933-c003,3,research_knowledge,github_actions,configuration_failure,,human_approved,approved,project_owner_assisted_review,2026-07-29T04:10:47.317043+00:00
bm-cfg-03,kn-gh-actions-runner-4292-c001,3,research_knowledge,github_actions,configuration_failure,,human_approved,approved,project_owner_assisted_review,2026-07-29T04:10:47.317043+00:00
bm-cfg-03,kn-gh-actions-runner-4315-c001,3,research_knowledge,github_actions,configuration_failure,,human_approved,approved,project_owner_assisted_review,2026-07-29T04:10:47.317043+00:00
bm-cfg-03,kn-gh-docker-compose-13672-c001,2,research_knowledge,docker,docker_failure,,human_approved,approved,project_owner_assisted_review,2026-07-29T04:10:47.317043+00:00
bm-cfg-03,kn-gh-docker-compose-13812-c000,3,research_knowledge,docker,configuration_failure,,human_approved,approved,project_owner_assisted_review,2026-07-29T04:10:47.317043+00:00
bm-cfg-04,doc-gha-workflow-syntax-c077,3,official_documentation,github_actions,configuration_failure,GitHub Actions,human_approved,approved,project_owner_assisted_review,2026-07-29T04:10:47.317043+00:00
bm-cfg-04,doc-gha-workflow-syntax-c134,2,official_documentation,github_actions,configuration_failure,GitHub Actions,human_approved,approved,project_owner_assisted_review,2026-07-29T04:10:47.317043+00:00
bm-cfg-04,kn-gh-actions-runner-3681-c001,2,research_knowledge,github_actions,configuration_failure,,human_approved,approved,project_owner_assisted_review,2026-07-29T04:10:47.317043+00:00
bm-cfg-04,kn-gh-actions-runner-3685-c001,2,research_knowledge,github_actions,configuration_failure,,human_approved,approved,project_owner_assisted_review,2026-07-29T04:10:47.317043+00:00
bm-cfg-04,kn-gh-actions-runner-4214-c001,2,research_knowledge,github_actions,configuration_failure,,human_approved,approved,project_owner_assisted_review,2026-07-29T04:10:47.317043+00:00
bm-cfg-04,kn-gh-actions-runner-4292-c001,3,research_knowledge,github_actions,configuration_failure,,human_approved,approved,project_owner_assisted_review,2026-07-29T04:10:47.317043+00:00
bm-cfg-05,kn-gh-kubernetes-kubernetes-140922-c000,2,research_knowledge,kubernetes,docker_failure,,human_approved,approved,project_owner_assisted_review,2026-07-29T04:10:47.317043+00:00
bm-cfg-06,doc-gha-workflow-syntax-c035,3,official_documentation,github_actions,configuration_failure,GitHub Actions,human_approved,approved,project_owner_assisted_review,2026-07-29T04:10:47.317043+00:00
bm-cfg-06,kn-gh-actions-runner-1746-c001,3,research_knowledge,github_actions,configuration_failure,,human_approved,approved,project_owner_assisted_review,2026-07-29T04:10:47.317043+00:00
bm-cfg-06,kn-gh-actions-runner-3834-c000,3,research_knowledge,github_actions,configuration_failure,,human_approved,approved,project_owner_assisted_review,2026-07-29T04:10:47.317043+00:00
bm-cfg-06,kn-gh-actions-runner-3933-c000,3,research_knowledge,github_actions,configuration_failure,,human_approved,approved,project_owner_assisted_review,2026-07-29T04:10:47.317043+00:00
bm-cfg-06,kn-gh-actions-runner-3933-c001,3,research_knowledge,github_actions,configuration_failure,,human_approved,approved,project_owner_assisted_review,2026-07-29T04:10:47.317043+00:00
bm-cfg-07,doc-gha-using-jobs-c007,3,official_documentation,github_actions,configuration_failure,GitHub Actions,human_approved,approved,project_owner_assisted_review,2026-07-29T04:10:47.317043+00:00
bm-cfg-07,doc-gha-workflow-syntax-c004,3,official_documentation,github_actions,configuration_failure,GitHub Actions,human_approved,approved,project_owner_assisted_review,2026-07-29T04:10:47.317043+00:00
bm-cfg-07,doc-gha-workflow-syntax-c005,3,official_documentation,github_actions,configuration_failure,GitHub Actions,human_approved,approved,project_owner_assisted_review,2026-07-29T04:10:47.317043+00:00
bm-cfg-07,doc-gha-workflow-syntax-c006,3,official_documentation,github_actions,configuration_failure,GitHub Actions,human_approved,approved,project_owner_assisted_review,2026-07-29T04:10:47.317043+00:00
bm-cfg-07,doc-gha-workflow-syntax-c112,3,official_documentation,github_actions,configuration_failure,GitHub Actions,human_approved,approved,project_owner_assisted_review,2026-07-29T04:10:47.317043+00:00
bm-cfg-07,doc-gha-workflow-syntax-c115,3,official_documentation,github_actions,configuration_failure,GitHub Actions,human_approved,approved,project_owner_assisted_review,2026-07-29T04:10:47.317043+00:00
bm-cfg-07,doc-gha-workflow-syntax-c155,3,official_documentation,github_actions,configuration_failure,GitHub Actions,human_approved,approved,project_owner_assisted_review,2026-07-29T04:10:47.317043+00:00
bm-cfg-07,doc-gha-workflow-syntax-c224,3,official_documentation,github_actions,configuration_failure,GitHub Actions,human_approved,approved,project_owner_assisted_review,2026-07-29T04:10:47.317043+00:00
bm-cfg-07,doc-gha-workflow-syntax-c229,3,official_documentation,github_actions,configuration_failure,GitHub Actions,human_approved,approved,project_owner_assisted_review,2026-07-29T04:10:47.317043+00:00
bm-cfg-07,doc-gha-workflow-syntax-c230,3,official_documentation,github_actions,configuration_failure,GitHub Actions,human_approved,approved,project_owner_assisted_review,2026-07-29T04:10:47.317043+00:00
bm-cfg-07,doc-gha-workflow-syntax-c231,3,official_documentation,github_actions,configuration_failure,GitHub Actions,human_approved,approved,project_owner_assisted_review,2026-07-29T04:10:47.317043+00:00
bm-cfg-07,doc-gha-workflow-syntax-c232,3,official_documentation,github_actions,configuration_failure,GitHub Actions,human_approved,approved,project_owner_assisted_review,2026-07-29T04:10:47.317043+00:00
bm-cfg-07,doc-gha-workflow-syntax-c233,3,official_documentation,github_actions,configuration_failure,GitHub Actions,human_approved,approved,project_owner_assisted_review,2026-07-29T04:10:47.317043+00:00
bm-cfg-07,doc-gha-workflow-syntax-c234,3,official_documentation,github_actions,configuration_failure,GitHub Actions,human_approved,approved,project_owner_assisted_review,2026-07-29T04:10:47.317043+00:00
bm-cfg-07,doc-gha-workflow-syntax-c236,3,official_documentation,github_actions,configuration_failure,GitHub Actions,human_approved,approved,project_owner_assisted_review,2026-07-29T04:10:47.317043+00:00
bm-cfg-07,doc-gha-workflow-syntax-c237,3,official_documentation,github_actions,configuration_failure,GitHub Actions,human_approved,approved,project_owner_assisted_review,2026-07-29T04:10:47.317043+00:00
bm-cfg-07,kn-gh-actions-cache-144-c001,2,research_knowledge,github_actions,build_failure,,human_approved,approved,project_owner_assisted_review,2026-07-29T04:10:47.317043+00:00
bm-cfg-07,kn-gh-actions-runner-3737-c001,3,research_knowledge,github_actions,configuration_failure,,human_approved,approved,project_owner_assisted_review,2026-07-29T04:10:47.317043+00:00
bm-cfg-07,kn-gh-actions-runner-4411-c000,3,research_knowledge,github_actions,configuration_failure,,human_approved,approved,project_owner_assisted_review,2026-07-29T04:10:47.317043+00:00
bm-cfg-07,kn-gh-actions-runner-4411-c001,3,research_knowledge,github_actions,configuration_failure,,human_approved,approved,project_owner_assisted_review,2026-07-29T04:10:47.317043+00:00
bm-cfg-08,doc-docker-best-practices-c025,2,official_documentation,docker,docker_failure,Docker,human_approved,approved,project_owner_assisted_review,2026-07-29T04:10:47.317043+00:00
bm-cfg-08,doc-docker-best-practices-c076,2,official_documentation,docker,docker_failure,Docker,human_approved,approved,project_owner_assisted_review,2026-07-29T04:10:47.317043+00:00
bm-cfg-08,doc-docker-best-practices-c078,2,official_documentation,docker,docker_failure,Docker,human_approved,approved,project_owner_assisted_review,2026-07-29T04:10:47.317043+00:00
bm-cfg-08,doc-docker-dockerfile-concepts-c027,2,official_documentation,docker,docker_failure,Docker,human_approved,approved,project_owner_assisted_review,2026-07-29T04:10:47.317043+00:00
bm-cfg-08,doc-docker-dockerfile-concepts-c040,2,official_documentation,docker,docker_failure,Docker,human_approved,approved,project_owner_assisted_review,2026-07-29T04:10:47.317043+00:00
bm-cfg-08,doc-docker-dockerfile-reference-c046,2,official_documentation,docker,docker_failure,Docker,human_approved,approved,project_owner_assisted_review,2026-07-29T04:10:47.317043+00:00
bm-cfg-08,doc-docker-dockerfile-reference-c074,2,official_documentation,docker,docker_failure,Docker,human_approved,approved,project_owner_assisted_review,2026-07-29T04:10:47.317043+00:00
bm-cfg-08,doc-docker-dockerfile-reference-c167,2,official_documentation,docker,docker_failure,Docker,human_approved,approved,project_owner_assisted_review,2026-07-29T04:10:47.317043+00:00
bm-cfg-08,doc-docker-dockerfile-reference-c168,2,official_documentation,docker,docker_failure,Docker,human_approved,approved,project_owner_assisted_review,2026-07-29T04:10:47.317043+00:00
bm-cfg-08,doc-docker-dockerfile-reference-c172,2,official_documentation,docker,docker_failure,Docker,human_approved,approved,project_owner_assisted_review,2026-07-29T04:10:47.317043+00:00
bm-cfg-08,doc-docker-dockerfile-reference-c185,2,official_documentation,docker,docker_failure,Docker,human_approved,approved,project_owner_assisted_review,2026-07-29T04:10:47.317043+00:00
bm-cfg-08,doc-docker-dockerfile-reference-c213,2,official_documentation,docker,docker_failure,Docker,human_approved,approved,project_owner_assisted_review,2026-07-29T04:10:47.317043+00:00
bm-cfg-08,kn-gh-docker-compose-12799-c001,2,research_knowledge,docker,docker_failure,,human_approved,approved,project_owner_assisted_review,2026-07-29T04:10:47.317043+00:00
bm-cfg-08,kn-gh-docker-compose-13815-c001,2,research_knowledge,docker,docker_failure,,human_approved,approved,project_owner_assisted_review,2026-07-29T04:10:47.317043+00:00
bm-cfg-08,kn-gh-docker-compose-13965-c000,2,research_knowledge,docker,docker_failure,,human_approved,approved,project_owner_assisted_review,2026-07-29T04:10:47.317043+00:00
bm-cfg-08,kn-gh-moby-moby-47137-c001,2,research_knowledge,docker,docker_failure,,human_approved,approved,project_owner_assisted_review,2026-07-29T04:10:47.317043+00:00
bm-cfg-08,kn-gh-moby-moby-47137-c002,2,research_knowledge,docker,docker_failure,,human_approved,approved,project_owner_assisted_review,2026-07-29T04:10:47.317043+00:00
bm-cfg-08,kn-gh-moby-moby-48907-c001,2,research_knowledge,docker,docker_failure,,human_approved,approved,project_owner_assisted_review,2026-07-29T04:10:47.317043+00:00
bm-cfg-08,kn-gh-moby-moby-48907-c002,2,research_knowledge,docker,docker_failure,,human_approved,approved,project_owner_assisted_review,2026-07-29T04:10:47.317043+00:00
bm-cfg-08,kn-gh-moby-moby-50216-c003,2,research_knowledge,docker,docker_failure,,human_approved,approved,project_owner_assisted_review,2026-07-29T04:10:47.317043+00:00
bm-cfg-09,kn-gh-kubernetes-kubernetes-122648-c001,2,research_knowledge,kubernetes,docker_failure,,human_approved,approved,project_owner_assisted_review,2026-07-29T04:10:47.317043+00:00
bm-cfg-10,doc-docker-best-practices-c075,2,official_documentation,docker,docker_failure,Docker,human_approved,approved,project_owner_assisted_review,2026-07-29T04:10:47.317043+00:00
bm-cfg-10,kn-gh-actions-runner-3537-c002,2,research_knowledge,github_actions,configuration_failure,,human_approved,approved,project_owner_assisted_review,2026-07-29T04:10:47.317043+00:00
bm-cfg-10,kn-gh-actions-runner-3734-c001,3,research_knowledge,github_actions,configuration_failure,,human_approved,approved,project_owner_assisted_review,2026-07-29T04:10:47.317043+00:00
bm-cfg-10,kn-gh-kubernetes-kubernetes-130292-c002,2,research_knowledge,kubernetes,docker_failure,,human_approved,approved,project_owner_assisted_review,2026-07-29T04:10:47.317043+00:00
bm-cfg-10,kn-gh-moby-moby-52611-c002,2,research_knowledge,docker,aws_permission_failure,,human_approved,approved,project_owner_assisted_review,2026-07-29T04:10:47.317043+00:00
bm-cfg-10,kn-gh-moby-moby-52673-c002,2,research_knowledge,docker,docker_failure,,human_approved,approved,project_owner_assisted_review,2026-07-29T04:10:47.317043+00:00
bm-cfg-10,kn-gh-moby-moby-52737-c003,2,research_knowledge,docker,docker_failure,,human_approved,approved,project_owner_assisted_review,2026-07-29T04:10:47.317043+00:00
bm-cfg-10,kn-gh-moby-moby-52775-c002,2,research_knowledge,docker,docker_failure,,human_approved,approved,project_owner_assisted_review,2026-07-29T04:10:47.317043+00:00
bm-docker-01,doc-docker-dockerfile-concepts-c031,2,official_documentation,docker,docker_failure,Docker,human_approved,approved,project_owner_assisted_review,2026-07-29T04:10:47.317043+00:00
bm-docker-01,doc-docker-dockerfile-concepts-c036,3,official_documentation,docker,docker_failure,Docker,human_approved,approved,project_owner_assisted_review,2026-07-29T04:10:47.317043+00:00
bm-docker-01,doc-docker-dockerfile-concepts-c040,3,official_documentation,docker,docker_failure,Docker,human_approved,approved,project_owner_assisted_review,2026-07-29T04:10:47.317043+00:00
bm-docker-01,doc-docker-dockerfile-reference-c036,3,official_documentation,docker,docker_failure,Docker,human_approved,approved,project_owner_assisted_review,2026-07-29T04:10:47.317043+00:00
bm-docker-01,doc-docker-dockerfile-reference-c124,2,official_documentation,docker,docker_failure,Docker,human_approved,approved,project_owner_assisted_review,2026-07-29T04:10:47.317043+00:00
bm-docker-01,doc-docker-dockerfile-reference-c128,3,official_documentation,docker,docker_failure,Docker,human_approved,approved,project_owner_assisted_review,2026-07-29T04:10:47.317043+00:00
bm-docker-01,doc-docker-dockerfile-reference-c146,3,official_documentation,docker,docker_failure,Docker,human_approved,approved,project_owner_assisted_review,2026-07-29T04:10:47.317043+00:00
bm-docker-01,doc-docker-dockerfile-reference-c150,3,official_documentation,docker,docker_failure,Docker,human_approved,approved,project_owner_assisted_review,2026-07-29T04:10:47.317043+00:00
bm-docker-01,kn-gh-docker-compose-12799-c000,2,research_knowledge,docker,docker_failure,,human_approved,approved,project_owner_assisted_review,2026-07-29T04:10:47.317043+00:00
bm-docker-01,kn-gh-docker-compose-12799-c001,2,research_knowledge,docker,docker_failure,,human_approved,approved,project_owner_assisted_review,2026-07-29T04:10:47.317043+00:00
bm-docker-01,kn-gh-docker-compose-7397-c000,2,research_knowledge,docker,docker_failure,,human_approved,approved,project_owner_assisted_review,2026-07-29T04:10:47.317043+00:00
bm-docker-01,kn-gh-moby-moby-47137-c001,3,research_knowledge,docker,docker_failure,,human_approved,approved,project_owner_assisted_review,2026-07-29T04:10:47.317043+00:00
bm-docker-01,kn-gh-moby-moby-47137-c002,2,research_knowledge,docker,docker_failure,,human_approved,approved,project_owner_assisted_review,2026-07-29T04:10:47.317043+00:00
bm-docker-01,kn-gh-moby-moby-48907-c001,2,research_knowledge,docker,docker_failure,,human_approved,approved,project_owner_assisted_review,2026-07-29T04:10:47.317043+00:00
bm-docker-01,kn-gh-moby-moby-48907-c002,2,research_knowledge,docker,docker_failure,,human_approved,approved,project_owner_assisted_review,2026-07-29T04:10:47.317043+00:00
bm-docker-01,kn-gh-moby-moby-52653-c000,3,research_knowledge,docker,docker_failure,,human_approved,approved,project_owner_assisted_review,2026-07-29T04:10:47.317043+00:00
bm-docker-01,kn-gh-moby-moby-52653-c001,3,research_knowledge,docker,docker_failure,,human_approved,approved,project_owner_assisted_review,2026-07-29T04:10:47.317043+00:00
bm-docker-01,kn-gh-moby-moby-52653-c002,3,research_knowledge,docker,docker_failure,,human_approved,approved,project_owner_assisted_review,2026-07-29T04:10:47.317043+00:00
bm-docker-01,kn-gh-moby-moby-52739-c001,3,research_knowledge,docker,docker_failure,,human_approved,approved,project_owner_assisted_review,2026-07-29T04:10:47.317043+00:00
bm-docker-02,doc-docker-best-practices-c049,3,official_documentation,docker,docker_failure,Docker,human_approved,approved,project_owner_assisted_review,2026-07-29T04:10:47.317043+00:00
bm-docker-02,doc-docker-best-practices-c050,3,official_documentation,docker,docker_failure,Docker,human_approved,approved,project_owner_assisted_review,2026-07-29T04:10:47.317043+00:00
bm-docker-02,doc-docker-best-practices-c052,3,official_documentation,docker,docker_failure,Docker,human_approved,approved,project_owner_assisted_review,2026-07-29T04:10:47.317043+00:00
bm-docker-02,doc-docker-dockerfile-concepts-c027,3,official_documentation,docker,docker_failure,Docker,human_approved,approved,project_owner_assisted_review,2026-07-29T04:10:47.317043+00:00
bm-docker-02,doc-docker-dockerfile-concepts-c040,3,official_documentation,docker,docker_failure,Docker,human_approved,approved,project_owner_assisted_review,2026-07-29T04:10:47.317043+00:00
bm-docker-02,kn-gh-docker-compose-12799-c000,2,research_knowledge,docker,docker_failure,,human_approved,approved,project_owner_assisted_review,2026-07-29T04:10:47.317043+00:00
bm-docker-02,kn-gh-docker-compose-12799-c001,2,research_knowledge,docker,docker_failure,,human_approved,approved,project_owner_assisted_review,2026-07-29T04:10:47.317043+00:00
bm-docker-02,kn-gh-docker-compose-13310-c000,2,research_knowledge,docker,docker_failure,,human_approved,approved,project_owner_assisted_review,2026-07-29T04:10:47.317043+00:00
bm-docker-02,kn-gh-docker-compose-7397-c000,3,research_knowledge,docker,docker_failure,,human_approved,approved,project_owner_assisted_review,2026-07-29T04:10:47.317043+00:00
bm-docker-02,kn-gh-moby-moby-46163-c001,3,research_knowledge,docker,docker_failure,,human_approved,approved,project_owner_assisted_review,2026-07-29T04:10:47.317043+00:00
bm-docker-02,kn-gh-moby-moby-46322-c002,2,research_knowledge,docker,docker_failure,,human_approved,approved,project_owner_assisted_review,2026-07-29T04:10:47.317043+00:00
bm-docker-02,kn-gh-moby-moby-47766-c002,2,research_knowledge,docker,docker_failure,,human_approved,approved,project_owner_assisted_review,2026-07-29T04:10:47.317043+00:00
bm-docker-02,kn-gh-moby-moby-48907-c001,3,research_knowledge,docker,docker_failure,,human_approved,approved,project_owner_assisted_review,2026-07-29T04:10:47.317043+00:00
bm-docker-02,kn-gh-moby-moby-48907-c002,2,research_knowledge,docker,docker_failure,,human_approved,approved,project_owner_assisted_review,2026-07-29T04:10:47.317043+00:00
bm-docker-02,kn-gh-moby-moby-50216-c003,2,research_knowledge,docker,docker_failure,,human_approved,approved,project_owner_assisted_review,2026-07-29T04:10:47.317043+00:00
bm-docker-02,kn-gh-moby-moby-52639-c006,3,research_knowledge,docker,docker_failure,,human_approved,approved,project_owner_assisted_review,2026-07-29T04:10:47.317043+00:00
bm-docker-02,kn-gh-moby-moby-52653-c002,3,research_knowledge,docker,docker_failure,,human_approved,approved,project_owner_assisted_review,2026-07-29T04:10:47.317043+00:00
bm-docker-02,kn-gh-moby-moby-53213-c001,2,research_knowledge,docker,docker_failure,,human_approved,approved,project_owner_assisted_review,2026-07-29T04:10:47.317043+00:00
bm-docker-03,doc-docker-best-practices-c025,3,official_documentation,docker,docker_failure,Docker,human_approved,approved,project_owner_assisted_review,2026-07-29T04:10:47.317043+00:00
bm-docker-03,doc-docker-best-practices-c038,3,official_documentation,docker,docker_failure,Docker,human_approved,approved,project_owner_assisted_review,2026-07-29T04:10:47.317043+00:00
bm-docker-03,doc-docker-best-practices-c043,3,official_documentation,docker,docker_failure,Docker,human_approved,approved,project_owner_assisted_review,2026-07-29T04:10:47.317043+00:00
bm-docker-03,doc-docker-best-practices-c078,3,official_documentation,docker,docker_failure,Docker,human_approved,approved,project_owner_assisted_review,2026-07-29T04:10:47.317043+00:00
bm-docker-03,doc-docker-dockerfile-concepts-c040,3,official_documentation,docker,docker_failure,Docker,human_approved,approved,project_owner_assisted_review,2026-07-29T04:10:47.317043+00:00
bm-docker-03,doc-docker-dockerfile-reference-c036,3,official_documentation,docker,docker_failure,Docker,human_approved,approved,project_owner_assisted_review,2026-07-29T04:10:47.317043+00:00
bm-docker-03,doc-docker-dockerfile-reference-c046,3,official_documentation,docker,docker_failure,Docker,human_approved,approved,project_owner_assisted_review,2026-07-29T04:10:47.317043+00:00
bm-docker-03,doc-docker-dockerfile-reference-c160,3,official_documentation,docker,docker_failure,Docker,human_approved,approved,project_owner_assisted_review,2026-07-29T04:10:47.317043+00:00
bm-docker-03,doc-docker-dockerfile-reference-c205,3,official_documentation,docker,docker_failure,Docker,human_approved,approved,project_owner_assisted_review,2026-07-29T04:10:47.317043+00:00
bm-docker-03,doc-docker-dockerfile-reference-c215,3,official_documentation,docker,docker_failure,Docker,human_approved,approved,project_owner_assisted_review,2026-07-29T04:10:47.317043+00:00
bm-docker-03,kn-gh-docker-compose-13636-c001,3,research_knowledge,docker,docker_failure,,human_approved,approved,project_owner_assisted_review,2026-07-29T04:10:47.317043+00:00
bm-docker-03,kn-gh-docker-compose-13636-c002,3,research_knowledge,docker,docker_failure,,human_approved,approved,project_owner_assisted_review,2026-07-29T04:10:47.317043+00:00
bm-docker-03,kn-gh-docker-compose-13965-c000,3,research_knowledge,docker,docker_failure,,human_approved,approved,project_owner_assisted_review,2026-07-29T04:10:47.317043+00:00
bm-docker-03,kn-gh-docker-compose-13965-c001,3,research_knowledge,docker,docker_failure,,human_approved,approved,project_owner_assisted_review,2026-07-29T04:10:47.317043+00:00
bm-docker-03,kn-gh-moby-moby-46864-c001,3,research_knowledge,docker,docker_failure,,human_approved,approved,project_owner_assisted_review,2026-07-29T04:10:47.317043+00:00
bm-docker-03,kn-gh-moby-moby-49382-c001,3,research_knowledge,docker,docker_failure,,human_approved,approved,project_owner_assisted_review,2026-07-29T04:10:47.317043+00:00
bm-docker-03,kn-gh-moby-moby-50389-c001,3,research_knowledge,docker,docker_failure,,human_approved,approved,project_owner_assisted_review,2026-07-29T04:10:47.317043+00:00
bm-docker-03,kn-gh-moby-moby-52639-c000,3,research_knowledge,docker,docker_failure,,human_approved,approved,project_owner_assisted_review,2026-07-29T04:10:47.317043+00:00
bm-docker-03,kn-gh-moby-moby-52639-c001,3,research_knowledge,docker,docker_failure,,human_approved,approved,project_owner_assisted_review,2026-07-29T04:10:47.317043+00:00
bm-docker-03,kn-gh-moby-moby-52639-c006,3,research_knowledge,docker,docker_failure,,human_approved,approved,project_owner_assisted_review,2026-07-29T04:10:47.317043+00:00
bm-docker-04,doc-docker-best-practices-c025,2,official_documentation,docker,docker_failure,Docker,human_approved,approved,project_owner_assisted_review,2026-07-29T04:10:47.317043+00:00
bm-docker-04,doc-docker-best-practices-c030,3,official_documentation,docker,docker_failure,Docker,human_approved,approved,project_owner_assisted_review,2026-07-29T04:10:47.317043+00:00
bm-docker-04,doc-docker-best-practices-c045,3,official_documentation,docker,docker_failure,Docker,human_approved,approved,project_owner_assisted_review,2026-07-29T04:10:47.317043+00:00
bm-docker-04,doc-docker-best-practices-c056,3,official_documentation,docker,docker_failure,Docker,human_approved,approved,project_owner_assisted_review,2026-07-29T04:10:47.317043+00:00
bm-docker-04,doc-docker-dockerfile-reference-c154,2,official_documentation,docker,docker_failure,Docker,human_approved,approved,project_owner_assisted_review,2026-07-29T04:10:47.317043+00:00
bm-docker-04,kn-gh-docker-compose-13636-c003,3,research_knowledge,docker,docker_failure,,human_approved,approved,project_owner_assisted_review,2026-07-29T04:10:47.317043+00:00
bm-docker-04,kn-gh-docker-compose-13757-c000,3,research_knowledge,docker,docker_failure,,human_approved,approved,project_owner_assisted_review,2026-07-29T04:10:47.317043+00:00
bm-docker-04,kn-gh-docker-compose-13809-c000,3,research_knowledge,docker,docker_failure,,human_approved,approved,project_owner_assisted_review,2026-07-29T04:10:47.317043+00:00
bm-docker-04,kn-gh-docker-compose-13924-c000,3,research_knowledge,docker,docker_failure,,human_approved,approved,project_owner_assisted_review,2026-07-29T04:10:47.317043+00:00
bm-docker-04,kn-gh-moby-moby-46163-c001,3,research_knowledge,docker,docker_failure,,human_approved,approved,project_owner_assisted_review,2026-07-29T04:10:47.317043+00:00
bm-docker-04,kn-gh-moby-moby-46163-c003,3,research_knowledge,docker,docker_failure,,human_approved,approved,project_owner_assisted_review,2026-07-29T04:10:47.317043+00:00
bm-docker-04,kn-gh-moby-moby-46864-c001,3,research_knowledge,docker,docker_failure,,human_approved,approved,project_owner_assisted_review,2026-07-29T04:10:47.317043+00:00
bm-docker-04,kn-gh-moby-moby-52639-c001,2,research_knowledge,docker,docker_failure,,human_approved,approved,project_owner_assisted_review,2026-07-29T04:10:47.317043+00:00
bm-docker-04,kn-gh-moby-moby-52639-c006,2,research_knowledge,docker,docker_failure,,human_approved,approved,project_owner_assisted_review,2026-07-29T04:10:47.317043+00:00
bm-docker-04,kn-gh-moby-moby-52748-c001,2,research_knowledge,docker,security_misconfiguration,,human_approved,approved,project_owner_assisted_review,2026-07-29T04:10:47.317043+00:00
bm-docker-04,kn-gh-moby-moby-52775-c001,3,research_knowledge,docker,docker_failure,,human_approved,approved,project_owner_assisted_review,2026-07-29T04:10:47.317043+00:00
bm-docker-04,kn-gh-moby-moby-53213-c001,3,research_knowledge,docker,docker_failure,,human_approved,approved,project_owner_assisted_review,2026-07-29T04:10:47.317043+00:00
bm-docker-05,doc-docker-best-practices-c025,3,official_documentation,docker,docker_failure,Docker,human_approved,approved,project_owner_assisted_review,2026-07-29T04:10:47.317043+00:00
bm-docker-05,doc-docker-best-practices-c026,3,official_documentation,docker,docker_failure,Docker,human_approved,approved,project_owner_assisted_review,2026-07-29T04:10:47.317043+00:00
bm-docker-05,doc-docker-dockerfile-concepts-c040,3,official_documentation,docker,docker_failure,Docker,human_approved,approved,project_owner_assisted_review,2026-07-29T04:10:47.317043+00:00
bm-docker-05,doc-docker-dockerfile-reference-c046,3,official_documentation,docker,docker_failure,Docker,human_approved,approved,project_owner_assisted_review,2026-07-29T04:10:47.317043+00:00
bm-docker-05,doc-docker-dockerfile-reference-c055,3,official_documentation,docker,docker_failure,Docker,human_approved,approved,project_owner_assisted_review,2026-07-29T04:10:47.317043+00:00
bm-docker-05,doc-docker-dockerfile-reference-c090,3,official_documentation,docker,docker_failure,Docker,human_approved,approved,project_owner_assisted_review,2026-07-29T04:10:47.317043+00:00
bm-docker-05,doc-docker-dockerfile-reference-c183,3,official_documentation,docker,docker_failure,Docker,human_approved,approved,project_owner_assisted_review,2026-07-29T04:10:47.317043+00:00
bm-docker-05,doc-docker-dockerfile-reference-c185,3,official_documentation,docker,docker_failure,Docker,human_approved,approved,project_owner_assisted_review,2026-07-29T04:10:47.317043+00:00
bm-docker-05,doc-docker-dockerfile-reference-c193,3,official_documentation,docker,docker_failure,Docker,human_approved,approved,project_owner_assisted_review,2026-07-29T04:10:47.317043+00:00
bm-docker-05,kn-gh-docker-compose-13636-c000,3,research_knowledge,docker,docker_failure,,human_approved,approved,project_owner_assisted_review,2026-07-29T04:10:47.317043+00:00
bm-docker-05,kn-gh-docker-compose-13636-c001,3,research_knowledge,docker,docker_failure,,human_approved,approved,project_owner_assisted_review,2026-07-29T04:10:47.317043+00:00
bm-docker-05,kn-gh-docker-compose-13636-c002,3,research_knowledge,docker,docker_failure,,human_approved,approved,project_owner_assisted_review,2026-07-29T04:10:47.317043+00:00
bm-docker-05,kn-gh-docker-compose-13965-c000,3,research_knowledge,docker,docker_failure,,human_approved,approved,project_owner_assisted_review,2026-07-29T04:10:47.317043+00:00
bm-docker-05,kn-gh-moby-moby-33823-c001,3,research_knowledge,docker,docker_failure,,human_approved,approved,project_owner_assisted_review,2026-07-29T04:10:47.317043+00:00
bm-docker-05,kn-gh-moby-moby-47137-c002,3,research_knowledge,docker,docker_failure,,human_approved,approved,project_owner_assisted_review,2026-07-29T04:10:47.317043+00:00
bm-docker-05,kn-gh-moby-moby-48907-c001,3,research_knowledge,docker,docker_failure,,human_approved,approved,project_owner_assisted_review,2026-07-29T04:10:47.317043+00:00
bm-docker-05,kn-gh-moby-moby-48907-c002,3,research_knowledge,docker,docker_failure,,human_approved,approved,project_owner_assisted_review,2026-07-29T04:10:47.317043+00:00
bm-docker-05,kn-gh-moby-moby-50216-c001,3,research_knowledge,docker,docker_failure,,human_approved,approved,project_owner_assisted_review,2026-07-29T04:10:47.317043+00:00
bm-docker-05,kn-gh-moby-moby-50216-c003,3,research_knowledge,docker,docker_failure,,human_approved,approved,project_owner_assisted_review,2026-07-29T04:10:47.317043+00:00
bm-docker-05,kn-gh-moby-moby-53207-c003,2,research_knowledge,docker,build_failure,,human_approved,approved,project_owner_assisted_review,2026-07-29T04:10:47.317043+00:00
bm-docker-06,kn-gh-docker-compose-11656-c000,3,research_knowledge,docker,docker_failure,,human_approved,approved,project_owner_assisted_review,2026-07-29T04:10:47.317043+00:00
bm-docker-06,kn-gh-docker-compose-12204-c000,3,research_knowledge,docker,docker_failure,,human_approved,approved,project_owner_assisted_review,2026-07-29T04:10:47.317043+00:00
bm-docker-06,kn-gh-docker-compose-12862-c000,3,research_knowledge,docker,docker_failure,,human_approved,approved,project_owner_assisted_review,2026-07-29T04:10:47.317043+00:00
bm-docker-06,kn-gh-docker-compose-13602-c000,3,research_knowledge,docker,docker_failure,,human_approved,approved,project_owner_assisted_review,2026-07-29T04:10:47.317043+00:00
bm-docker-06,kn-gh-docker-compose-13672-c000,3,research_knowledge,docker,docker_failure,,human_approved,approved,project_owner_assisted_review,2026-07-29T04:10:47.317043+00:00
bm-docker-06,kn-gh-docker-compose-13672-c001,3,research_knowledge,docker,docker_failure,,human_approved,approved,project_owner_assisted_review,2026-07-29T04:10:47.317043+00:00
bm-docker-06,kn-gh-docker-compose-13718-c000,3,research_knowledge,docker,docker_failure,,human_approved,approved,project_owner_assisted_review,2026-07-29T04:10:47.317043+00:00
bm-docker-06,kn-gh-docker-compose-13744-c000,3,research_knowledge,docker,docker_failure,,human_approved,approved,project_owner_assisted_review,2026-07-29T04:10:47.317043+00:00
bm-docker-06,kn-gh-docker-compose-13777-c000,3,research_knowledge,docker,docker_failure,,human_approved,approved,project_owner_assisted_review,2026-07-29T04:10:47.317043+00:00
bm-docker-06,kn-gh-docker-compose-13850-c001,3,research_knowledge,docker,docker_failure,,human_approved,approved,project_owner_assisted_review,2026-07-29T04:10:47.317043+00:00
bm-docker-06,kn-gh-docker-compose-13866-c000,3,research_knowledge,docker,docker_failure,,human_approved,approved,project_owner_assisted_review,2026-07-29T04:10:47.317043+00:00
bm-docker-06,kn-gh-docker-compose-13878-c001,3,research_knowledge,docker,docker_failure,,human_approved,approved,project_owner_assisted_review,2026-07-29T04:10:47.317043+00:00
bm-docker-06,kn-gh-docker-compose-13879-c000,3,research_knowledge,docker,docker_failure,,human_approved,approved,project_owner_assisted_review,2026-07-29T04:10:47.317043+00:00
bm-docker-06,kn-gh-docker-compose-13882-c000,3,research_knowledge,docker,docker_failure,,human_approved,approved,project_owner_assisted_review,2026-07-29T04:10:47.317043+00:00
bm-docker-06,kn-gh-docker-compose-13944-c000,3,research_knowledge,docker,docker_failure,,human_approved,approved,project_owner_assisted_review,2026-07-29T04:10:47.317043+00:00
bm-docker-06,kn-gh-docker-compose-13974-c000,3,research_knowledge,docker,docker_failure,,human_approved,approved,project_owner_assisted_review,2026-07-29T04:10:47.317043+00:00
bm-docker-06,kn-gh-docker-compose-7397-c000,3,research_knowledge,docker,docker_failure,,human_approved,approved,project_owner_assisted_review,2026-07-29T04:10:47.317043+00:00
bm-docker-06,kn-gh-moby-moby-46601-c001,3,research_knowledge,docker,docker_failure,,human_approved,approved,project_owner_assisted_review,2026-07-29T04:10:47.317043+00:00
bm-docker-06,kn-gh-moby-moby-46834-c002,3,research_knowledge,docker,docker_failure,,human_approved,approved,project_owner_assisted_review,2026-07-29T04:10:47.317043+00:00
bm-docker-06,kn-gh-moby-moby-52783-c002,3,research_knowledge,docker,docker_failure,,human_approved,approved,project_owner_assisted_review,2026-07-29T04:10:47.317043+00:00
bm-docker-07,doc-docker-best-practices-c063,3,official_documentation,docker,docker_failure,Docker,human_approved,approved,project_owner_assisted_review,2026-07-29T04:10:47.317043+00:00
bm-docker-07,doc-docker-best-practices-c064,3,official_documentation,docker,docker_failure,Docker,human_approved,approved,project_owner_assisted_review,2026-07-29T04:10:47.317043+00:00
bm-docker-07,doc-docker-best-practices-c074,2,official_documentation,docker,docker_failure,Docker,human_approved,approved,project_owner_assisted_review,2026-07-29T04:10:47.317043+00:00
bm-docker-07,doc-docker-dockerfile-reference-c152,3,official_documentation,docker,docker_failure,Docker,human_approved,approved,project_owner_assisted_review,2026-07-29T04:10:47.317043+00:00
bm-docker-07,doc-docker-dockerfile-reference-c159,3,official_documentation,docker,docker_failure,Docker,human_approved,approved,project_owner_assisted_review,2026-07-29T04:10:47.317043+00:00
bm-docker-07,doc-docker-dockerfile-reference-c160,3,official_documentation,docker,docker_failure,Docker,human_approved,approved,project_owner_assisted_review,2026-07-29T04:10:47.317043+00:00
bm-docker-07,kn-gh-docker-compose-13601-c000,3,research_knowledge,docker,docker_failure,,human_approved,approved,project_owner_assisted_review,2026-07-29T04:10:47.317043+00:00
bm-docker-07,kn-gh-docker-compose-13750-c001,2,research_knowledge,docker,aws_permission_failure,,human_approved,approved,project_owner_assisted_review,2026-07-29T04:10:47.317043+00:00
bm-docker-07,kn-gh-docker-compose-13884-c000,3,research_knowledge,docker,docker_failure,,human_approved,approved,project_owner_assisted_review,2026-07-29T04:10:47.317043+00:00
bm-docker-07,kn-gh-moby-moby-46322-c002,3,research_knowledge,docker,docker_failure,,human_approved,approved,project_owner_assisted_review,2026-07-29T04:10:47.317043+00:00
bm-docker-07,kn-gh-moby-moby-47782-c000,3,research_knowledge,docker,docker_failure,,human_approved,approved,project_owner_assisted_review,2026-07-29T04:10:47.317043+00:00
bm-docker-07,kn-gh-moby-moby-50389-c001,3,research_knowledge,docker,docker_failure,,human_approved,approved,project_owner_assisted_review,2026-07-29T04:10:47.317043+00:00
bm-docker-07,kn-gh-moby-moby-52611-c001,2,research_knowledge,docker,aws_permission_failure,,human_approved,approved,project_owner_assisted_review,2026-07-29T04:10:47.317043+00:00
bm-docker-07,kn-gh-moby-moby-52626-c002,3,research_knowledge,docker,docker_failure,,human_approved,approved,project_owner_assisted_review,2026-07-29T04:10:47.317043+00:00
bm-docker-07,kn-gh-moby-moby-52739-c001,3,research_knowledge,docker,docker_failure,,human_approved,approved,project_owner_assisted_review,2026-07-29T04:10:47.317043+00:00
bm-docker-07,kn-gh-moby-moby-52739-c002,3,research_knowledge,docker,docker_failure,,human_approved,approved,project_owner_assisted_review,2026-07-29T04:10:47.317043+00:00
bm-docker-08,kn-gh-actions-cache-757-c000,2,research_knowledge,github_actions,docker_failure,,human_approved,approved,project_owner_assisted_review,2026-07-29T04:10:47.317043+00:00
bm-docker-09,kn-gh-docker-compose-12862-c001,3,research_knowledge,docker,docker_failure,,human_approved,approved,project_owner_assisted_review,2026-07-29T04:10:47.317043+00:00
bm-docker-09,kn-gh-docker-compose-13884-c000,3,research_knowledge,docker,docker_failure,,human_approved,approved,project_owner_assisted_review,2026-07-29T04:10:47.317043+00:00
bm-docker-09,kn-gh-moby-moby-34988-c001,3,research_knowledge,docker,docker_failure,,human_approved,approved,project_owner_assisted_review,2026-07-29T04:10:47.317043+00:00
bm-docker-09,kn-gh-moby-moby-39521-c001,3,research_knowledge,docker,docker_failure,,human_approved,approved,project_owner_assisted_review,2026-07-29T04:10:47.317043+00:00
bm-docker-09,kn-gh-moby-moby-47396-c001,3,research_knowledge,docker,docker_failure,,human_approved,approved,project_owner_assisted_review,2026-07-29T04:10:47.317043+00:00
bm-docker-09,kn-gh-moby-moby-47396-c002,3,research_knowledge,docker,docker_failure,,human_approved,approved,project_owner_assisted_review,2026-07-29T04:10:47.317043+00:00
bm-docker-09,kn-gh-moby-moby-47766-c001,3,research_knowledge,docker,docker_failure,,human_approved,approved,project_owner_assisted_review,2026-07-29T04:10:47.317043+00:00
bm-docker-09,kn-gh-moby-moby-47766-c002,3,research_knowledge,docker,docker_failure,,human_approved,approved,project_owner_assisted_review,2026-07-29T04:10:47.317043+00:00
bm-docker-09,kn-gh-moby-moby-49348-c001,3,research_knowledge,docker,docker_failure,,human_approved,approved,project_owner_assisted_review,2026-07-29T04:10:47.317043+00:00
bm-docker-09,kn-gh-moby-moby-49382-c001,3,research_knowledge,docker,docker_failure,,human_approved,approved,project_owner_assisted_review,2026-07-29T04:10:47.317043+00:00
bm-docker-09,kn-gh-moby-moby-52653-c001,3,research_knowledge,docker,docker_failure,,human_approved,approved,project_owner_assisted_review,2026-07-29T04:10:47.317043+00:00
bm-docker-09,kn-gh-moby-moby-52737-c001,3,research_knowledge,docker,docker_failure,,human_approved,approved,project_owner_assisted_review,2026-07-29T04:10:47.317043+00:00
bm-docker-09,kn-gh-moby-moby-53116-c001,3,research_knowledge,docker,docker_failure,,human_approved,approved,project_owner_assisted_review,2026-07-29T04:10:47.317043+00:00
bm-docker-09,kn-gh-moby-moby-53116-c003,3,research_knowledge,docker,docker_failure,,human_approved,approved,project_owner_assisted_review,2026-07-29T04:10:47.317043+00:00
bm-docker-10,doc-docker-dockerfile-reference-c196,3,official_documentation,docker,docker_failure,Docker,human_approved,approved,project_owner_assisted_review,2026-07-29T04:10:47.317043+00:00
bm-docker-10,doc-docker-dockerfile-reference-c197,3,official_documentation,docker,docker_failure,Docker,human_approved,approved,project_owner_assisted_review,2026-07-29T04:10:47.317043+00:00
bm-docker-10,doc-docker-dockerfile-reference-c198,3,official_documentation,docker,docker_failure,Docker,human_approved,approved,project_owner_assisted_review,2026-07-29T04:10:47.317043+00:00
bm-docker-10,doc-docker-dockerfile-reference-c199,3,official_documentation,docker,docker_failure,Docker,human_approved,approved,project_owner_assisted_review,2026-07-29T04:10:47.317043+00:00
bm-docker-10,kn-gh-docker-compose-13780-c000,3,research_knowledge,docker,docker_failure,,human_approved,approved,project_owner_assisted_review,2026-07-29T04:10:47.317043+00:00
bm-docker-10,kn-gh-docker-compose-13780-c001,3,research_knowledge,docker,docker_failure,,human_approved,approved,project_owner_assisted_review,2026-07-29T04:10:47.317043+00:00
bm-docker-10,kn-gh-moby-moby-46163-c001,3,research_knowledge,docker,docker_failure,,human_approved,approved,project_owner_assisted_review,2026-07-29T04:10:47.317043+00:00
bm-docker-10,kn-gh-moby-moby-46322-c002,3,research_knowledge,docker,docker_failure,,human_approved,approved,project_owner_assisted_review,2026-07-29T04:10:47.317043+00:00
bm-docker-10,kn-gh-moby-moby-46834-c002,3,research_knowledge,docker,docker_failure,,human_approved,approved,project_owner_assisted_review,2026-07-29T04:10:47.317043+00:00
bm-docker-10,kn-gh-moby-moby-47615-c001,2,research_knowledge,docker,aws_permission_failure,,human_approved,approved,project_owner_assisted_review,2026-07-29T04:10:47.317043+00:00
bm-docker-10,kn-gh-moby-moby-47615-c003,2,research_knowledge,docker,aws_permission_failure,,human_approved,approved,project_owner_assisted_review,2026-07-29T04:10:47.317043+00:00
bm-docker-10,kn-gh-moby-moby-47766-c001,3,research_knowledge,docker,docker_failure,,human_approved,approved,project_owner_assisted_review,2026-07-29T04:10:47.317043+00:00
bm-docker-10,kn-gh-moby-moby-47766-c002,3,research_knowledge,docker,docker_failure,,human_approved,approved,project_owner_assisted_review,2026-07-29T04:10:47.317043+00:00
bm-docker-10,kn-gh-moby-moby-49348-c001,3,research_knowledge,docker,docker_failure,,human_approved,approved,project_owner_assisted_review,2026-07-29T04:10:47.317043+00:00
bm-docker-10,kn-gh-moby-moby-49382-c001,3,research_knowledge,docker,docker_failure,,human_approved,approved,project_owner_assisted_review,2026-07-29T04:10:47.317043+00:00
bm-docker-10,kn-gh-moby-moby-52330-c000,3,research_knowledge,docker,docker_failure,,human_approved,approved,project_owner_assisted_review,2026-07-29T04:10:47.317043+00:00
bm-docker-10,kn-gh-moby-moby-52330-c003,3,research_knowledge,docker,docker_failure,,human_approved,approved,project_owner_assisted_review,2026-07-29T04:10:47.317043+00:00
bm-docker-10,kn-gh-moby-moby-53116-c001,3,research_knowledge,docker,docker_failure,,human_approved,approved,project_owner_assisted_review,2026-07-29T04:10:47.317043+00:00
bm-docker-10,kn-gh-moby-moby-53153-c002,3,research_knowledge,docker,docker_failure,,human_approved,approved,project_owner_assisted_review,2026-07-29T04:10:47.317043+00:00
bm-docker-11,doc-docker-best-practices-c025,3,official_documentation,docker,docker_failure,Docker,human_approved,approved,project_owner_assisted_review,2026-07-29T04:10:47.317043+00:00
bm-docker-11,doc-docker-best-practices-c078,2,official_documentation,docker,docker_failure,Docker,human_approved,approved,project_owner_assisted_review,2026-07-29T04:10:47.317043+00:00
bm-docker-11,doc-docker-dockerfile-concepts-c031,2,official_documentation,docker,docker_failure,Docker,human_approved,approved,project_owner_assisted_review,2026-07-29T04:10:47.317043+00:00
bm-docker-11,doc-docker-dockerfile-concepts-c040,3,official_documentation,docker,docker_failure,Docker,human_approved,approved,project_owner_assisted_review,2026-07-29T04:10:47.317043+00:00
bm-docker-11,doc-docker-dockerfile-reference-c021,3,official_documentation,docker,docker_failure,Docker,human_approved,approved,project_owner_assisted_review,2026-07-29T04:10:47.317043+00:00
bm-docker-11,doc-docker-dockerfile-reference-c152,3,official_documentation,docker,docker_failure,Docker,human_approved,approved,project_owner_assisted_review,2026-07-29T04:10:47.317043+00:00
bm-docker-11,doc-docker-dockerfile-reference-c174,3,official_documentation,docker,docker_failure,Docker,human_approved,approved,project_owner_assisted_review,2026-07-29T04:10:47.317043+00:00
bm-docker-11,doc-docker-dockerfile-reference-c176,3,official_documentation,docker,docker_failure,Docker,human_approved,approved,project_owner_assisted_review,2026-07-29T04:10:47.317043+00:00
bm-docker-11,doc-docker-dockerfile-reference-c177,3,official_documentation,docker,docker_failure,Docker,human_approved,approved,project_owner_assisted_review,2026-07-29T04:10:47.317043+00:00
bm-docker-11,doc-docker-dockerfile-reference-c178,3,official_documentation,docker,docker_failure,Docker,human_approved,approved,project_owner_assisted_review,2026-07-29T04:10:47.317043+00:00
bm-docker-11,doc-docker-dockerfile-reference-c181,3,official_documentation,docker,docker_failure,Docker,human_approved,approved,project_owner_assisted_review,2026-07-29T04:10:47.317043+00:00
bm-docker-11,doc-docker-dockerfile-reference-c183,3,official_documentation,docker,docker_failure,Docker,human_approved,approved,project_owner_assisted_review,2026-07-29T04:10:47.317043+00:00
bm-docker-11,doc-docker-dockerfile-reference-c187,3,official_documentation,docker,docker_failure,Docker,human_approved,approved,project_owner_assisted_review,2026-07-29T04:10:47.317043+00:00
bm-docker-12,doc-docker-best-practices-c075,2,official_documentation,docker,docker_failure,Docker,human_approved,approved,project_owner_assisted_review,2026-07-29T04:10:47.317043+00:00
bm-docker-12,kn-gh-docker-compose-13750-c001,2,research_knowledge,docker,aws_permission_failure,,human_approved,approved,project_owner_assisted_review,2026-07-29T04:10:47.317043+00:00
bm-docker-12,kn-gh-docker-compose-13824-c000,3,research_knowledge,docker,docker_failure,,human_approved,approved,project_owner_assisted_review,2026-07-29T04:10:47.317043+00:00
bm-docker-12,kn-gh-docker-compose-13824-c001,3,research_knowledge,docker,docker_failure,,human_approved,approved,project_owner_assisted_review,2026-07-29T04:10:47.317043+00:00
bm-docker-12,kn-gh-moby-moby-46163-c003,3,research_knowledge,docker,docker_failure,,human_approved,approved,project_owner_assisted_review,2026-07-29T04:10:47.317043+00:00
bm-docker-12,kn-gh-moby-moby-46322-c002,3,research_knowledge,docker,docker_failure,,human_approved,approved,project_owner_assisted_review,2026-07-29T04:10:47.317043+00:00
bm-docker-12,kn-gh-moby-moby-49348-c001,3,research_knowledge,docker,docker_failure,,human_approved,approved,project_owner_assisted_review,2026-07-29T04:10:47.317043+00:00
bm-docker-12,kn-gh-moby-moby-50389-c001,3,research_knowledge,docker,docker_failure,,human_approved,approved,project_owner_assisted_review,2026-07-29T04:10:47.317043+00:00
bm-docker-12,kn-gh-moby-moby-52578-c003,3,research_knowledge,docker,docker_failure,,human_approved,approved,project_owner_assisted_review,2026-07-29T04:10:47.317043+00:00
bm-docker-12,kn-gh-moby-moby-52737-c003,3,research_knowledge,docker,docker_failure,,human_approved,approved,project_owner_assisted_review,2026-07-29T04:10:47.317043+00:00
bm-docker-12,kn-gh-moby-moby-52739-c000,3,research_knowledge,docker,docker_failure,,human_approved,approved,project_owner_assisted_review,2026-07-29T04:10:47.317043+00:00
bm-docker-12,kn-gh-moby-moby-52739-c001,3,research_knowledge,docker,docker_failure,,human_approved,approved,project_owner_assisted_review,2026-07-29T04:10:47.317043+00:00
bm-docker-12,kn-gh-moby-moby-52739-c002,3,research_knowledge,docker,docker_failure,,human_approved,approved,project_owner_assisted_review,2026-07-29T04:10:47.317043+00:00
bm-docker-12,kn-gh-moby-moby-53207-c003,2,research_knowledge,docker,build_failure,,human_approved,approved,project_owner_assisted_review,2026-07-29T04:10:47.317043+00:00
bm-docker-13,doc-docker-best-practices-c073,3,official_documentation,docker,docker_failure,Docker,human_approved,approved,project_owner_assisted_review,2026-07-29T04:10:47.317043+00:00
bm-docker-13,doc-docker-dockerfile-reference-c036,3,official_documentation,docker,docker_failure,Docker,human_approved,approved,project_owner_assisted_review,2026-07-29T04:10:47.317043+00:00
bm-docker-13,doc-docker-dockerfile-reference-c074,3,official_documentation,docker,docker_failure,Docker,human_approved,approved,project_owner_assisted_review,2026-07-29T04:10:47.317043+00:00
bm-docker-13,doc-docker-dockerfile-reference-c165,3,official_documentation,docker,docker_failure,Docker,human_approved,approved,project_owner_assisted_review,2026-07-29T04:10:47.317043+00:00
bm-docker-13,doc-docker-dockerfile-reference-c166,3,official_documentation,docker,docker_failure,Docker,human_approved,approved,project_owner_assisted_review,2026-07-29T04:10:47.317043+00:00
bm-docker-13,doc-docker-dockerfile-reference-c167,3,official_documentation,docker,docker_failure,Docker,human_approved,approved,project_owner_assisted_review,2026-07-29T04:10:47.317043+00:00
bm-docker-13,doc-docker-dockerfile-reference-c168,3,official_documentation,docker,docker_failure,Docker,human_approved,approved,project_owner_assisted_review,2026-07-29T04:10:47.317043+00:00
bm-docker-13,kn-gh-docker-compose-12799-c001,3,research_knowledge,docker,docker_failure,,human_approved,approved,project_owner_assisted_review,2026-07-29T04:10:47.317043+00:00
bm-docker-13,kn-gh-docker-compose-13636-c003,2,research_knowledge,docker,docker_failure,,human_approved,approved,project_owner_assisted_review,2026-07-29T04:10:47.317043+00:00
bm-docker-13,kn-gh-docker-compose-13809-c000,3,research_knowledge,docker,docker_failure,,human_approved,approved,project_owner_assisted_review,2026-07-29T04:10:47.317043+00:00
bm-docker-13,kn-gh-docker-compose-13859-c000,3,research_knowledge,docker,docker_failure,,human_approved,approved,project_owner_assisted_review,2026-07-29T04:10:47.317043+00:00
bm-docker-13,kn-gh-docker-compose-13859-c001,3,research_knowledge,docker,docker_failure,,human_approved,approved,project_owner_assisted_review,2026-07-29T04:10:47.317043+00:00
bm-docker-13,kn-gh-moby-moby-46498-c003,3,research_knowledge,docker,docker_failure,,human_approved,approved,project_owner_assisted_review,2026-07-29T04:10:47.317043+00:00
bm-docker-13,kn-gh-moby-moby-52653-c001,3,research_knowledge,docker,docker_failure,,human_approved,approved,project_owner_assisted_review,2026-07-29T04:10:47.317043+00:00
bm-docker-13,kn-gh-moby-moby-52653-c002,3,research_knowledge,docker,docker_failure,,human_approved,approved,project_owner_assisted_review,2026-07-29T04:10:47.317043+00:00
bm-docker-13,kn-gh-moby-moby-52654-c002,3,research_knowledge,docker,docker_failure,,human_approved,approved,project_owner_assisted_review,2026-07-29T04:10:47.317043+00:00
bm-docker-14,kn-gh-docker-compose-11816-c001,3,research_knowledge,docker,docker_failure,,human_approved,approved,project_owner_assisted_review,2026-07-29T04:10:47.317043+00:00
bm-docker-14,kn-gh-docker-compose-13150-c000,3,research_knowledge,docker,docker_failure,,human_approved,approved,project_owner_assisted_review,2026-07-29T04:10:47.317043+00:00
bm-docker-14,kn-gh-docker-compose-13601-c000,3,research_knowledge,docker,docker_failure,,human_approved,approved,project_owner_assisted_review,2026-07-29T04:10:47.317043+00:00
bm-docker-14,kn-gh-docker-compose-13606-c000,3,research_knowledge,docker,docker_failure,,human_approved,approved,project_owner_assisted_review,2026-07-29T04:10:47.317043+00:00
bm-docker-14,kn-gh-docker-compose-13614-c000,3,research_knowledge,docker,docker_failure,,human_approved,approved,project_owner_assisted_review,2026-07-29T04:10:47.317043+00:00
bm-docker-14,kn-gh-docker-compose-13644-c000,3,research_knowledge,docker,docker_failure,,human_approved,approved,project_owner_assisted_review,2026-07-29T04:10:47.317043+00:00
bm-docker-14,kn-gh-docker-compose-13648-c000,3,research_knowledge,docker,docker_failure,,human_approved,approved,project_owner_assisted_review,2026-07-29T04:10:47.317043+00:00
bm-docker-14,kn-gh-docker-compose-13648-c001,3,research_knowledge,docker,docker_failure,,human_approved,approved,project_owner_assisted_review,2026-07-29T04:10:47.317043+00:00
bm-docker-14,kn-gh-docker-compose-13718-c000,3,research_knowledge,docker,docker_failure,,human_approved,approved,project_owner_assisted_review,2026-07-29T04:10:47.317043+00:00
bm-docker-14,kn-gh-docker-compose-13744-c000,3,research_knowledge,docker,docker_failure,,human_approved,approved,project_owner_assisted_review,2026-07-29T04:10:47.317043+00:00
bm-docker-14,kn-gh-docker-compose-13777-c000,3,research_knowledge,docker,docker_failure,,human_approved,approved,project_owner_assisted_review,2026-07-29T04:10:47.317043+00:00
bm-docker-14,kn-gh-docker-compose-13850-c001,3,research_knowledge,docker,docker_failure,,human_approved,approved,project_owner_assisted_review,2026-07-29T04:10:47.317043+00:00
bm-docker-14,kn-gh-docker-compose-13866-c000,3,research_knowledge,docker,docker_failure,,human_approved,approved,project_owner_assisted_review,2026-07-29T04:10:47.317043+00:00
bm-docker-14,kn-gh-docker-compose-13878-c001,3,research_knowledge,docker,docker_failure,,human_approved,approved,project_owner_assisted_review,2026-07-29T04:10:47.317043+00:00
bm-docker-14,kn-gh-docker-compose-13882-c000,3,research_knowledge,docker,docker_failure,,human_approved,approved,project_owner_assisted_review,2026-07-29T04:10:47.317043+00:00
bm-docker-14,kn-gh-docker-compose-13944-c000,3,research_knowledge,docker,docker_failure,,human_approved,approved,project_owner_assisted_review,2026-07-29T04:10:47.317043+00:00
bm-docker-14,kn-gh-docker-compose-13945-c000,3,research_knowledge,docker,docker_failure,,human_approved,approved,project_owner_assisted_review,2026-07-29T04:10:47.317043+00:00
bm-docker-14,kn-gh-docker-compose-13974-c000,3,research_knowledge,docker,docker_failure,,human_approved,approved,project_owner_assisted_review,2026-07-29T04:10:47.317043+00:00
bm-docker-14,kn-gh-docker-compose-13974-c001,3,research_knowledge,docker,docker_failure,,human_approved,approved,project_owner_assisted_review,2026-07-29T04:10:47.317043+00:00
bm-docker-14,kn-gh-docker-compose-8605-c003,3,research_knowledge,docker,docker_failure,,human_approved,approved,project_owner_assisted_review,2026-07-29T04:10:47.317043+00:00
bm-docker-15,doc-docker-best-practices-c025,2,official_documentation,docker,docker_failure,Docker,human_approved,approved,project_owner_assisted_review,2026-07-29T04:10:47.317043+00:00
bm-docker-15,doc-docker-best-practices-c078,2,official_documentation,docker,docker_failure,Docker,human_approved,approved,project_owner_assisted_review,2026-07-29T04:10:47.317043+00:00
bm-docker-15,doc-docker-dockerfile-concepts-c040,3,official_documentation,docker,docker_failure,Docker,human_approved,approved,project_owner_assisted_review,2026-07-29T04:10:47.317043+00:00
bm-docker-15,doc-docker-dockerfile-reference-c036,3,official_documentation,docker,docker_failure,Docker,human_approved,approved,project_owner_assisted_review,2026-07-29T04:10:47.317043+00:00
bm-docker-15,doc-docker-dockerfile-reference-c167,3,official_documentation,docker,docker_failure,Docker,human_approved,approved,project_owner_assisted_review,2026-07-29T04:10:47.317043+00:00
bm-docker-15,kn-gh-docker-compose-12799-c001,3,research_knowledge,docker,docker_failure,,human_approved,approved,project_owner_assisted_review,2026-07-29T04:10:47.317043+00:00
bm-docker-15,kn-gh-docker-compose-13636-c003,2,research_knowledge,docker,docker_failure,,human_approved,approved,project_owner_assisted_review,2026-07-29T04:10:47.317043+00:00
bm-docker-15,kn-gh-moby-moby-39061-c001,2,research_knowledge,docker,docker_failure,,human_approved,approved,project_owner_assisted_review,2026-07-29T04:10:47.317043+00:00
bm-docker-15,kn-gh-moby-moby-46864-c001,2,research_knowledge,docker,docker_failure,,human_approved,approved,project_owner_assisted_review,2026-07-29T04:10:47.317043+00:00
bm-docker-15,kn-gh-moby-moby-47321-c003,3,research_knowledge,docker,docker_failure,,human_approved,approved,project_owner_assisted_review,2026-07-29T04:10:47.317043+00:00
bm-docker-15,kn-gh-moby-moby-47766-c001,2,research_knowledge,docker,docker_failure,,human_approved,approved,project_owner_assisted_review,2026-07-29T04:10:47.317043+00:00
bm-docker-15,kn-gh-moby-moby-47766-c002,2,research_knowledge,docker,docker_failure,,human_approved,approved,project_owner_assisted_review,2026-07-29T04:10:47.317043+00:00
bm-docker-15,kn-gh-moby-moby-48907-c001,3,research_knowledge,docker,docker_failure,,human_approved,approved,project_owner_assisted_review,2026-07-29T04:10:47.317043+00:00
bm-docker-15,kn-gh-moby-moby-50216-c003,3,research_knowledge,docker,docker_failure,,human_approved,approved,project_owner_assisted_review,2026-07-29T04:10:47.317043+00:00
bm-docker-15,kn-gh-moby-moby-50389-c000,2,research_knowledge,docker,docker_failure,,human_approved,approved,project_owner_assisted_review,2026-07-29T04:10:47.317043+00:00
bm-docker-15,kn-gh-moby-moby-50402-c000,2,research_knowledge,docker,docker_failure,,human_approved,approved,project_owner_assisted_review,2026-07-29T04:10:47.317043+00:00
bm-docker-15,kn-gh-moby-moby-52639-c001,3,research_knowledge,docker,docker_failure,,human_approved,approved,project_owner_assisted_review,2026-07-29T04:10:47.317043+00:00
bm-docker-15,kn-gh-moby-moby-52639-c006,2,research_knowledge,docker,docker_failure,,human_approved,approved,project_owner_assisted_review,2026-07-29T04:10:47.317043+00:00
bm-docker-15,kn-gh-moby-moby-53207-c001,2,research_knowledge,docker,build_failure,,human_approved,approved,project_owner_assisted_review,2026-07-29T04:10:47.317043+00:00
bm-gha-01,kn-gh-actions-runner-2788-c000,3,research_knowledge,github_actions,configuration_failure,,human_approved,approved,project_owner_assisted_review,2026-07-29T04:10:47.317043+00:00
bm-gha-01,kn-gh-actions-runner-3515-c000,3,research_knowledge,github_actions,configuration_failure,,human_approved,approved,project_owner_assisted_review,2026-07-29T04:10:47.317043+00:00
bm-gha-01,kn-gh-actions-runner-3535-c000,3,research_knowledge,github_actions,configuration_failure,,human_approved,approved,project_owner_assisted_review,2026-07-29T04:10:47.317043+00:00
bm-gha-01,kn-gh-actions-runner-3535-c001,3,research_knowledge,github_actions,configuration_failure,,human_approved,approved,project_owner_assisted_review,2026-07-29T04:10:47.317043+00:00
bm-gha-01,kn-gh-actions-runner-3629-c000,3,research_knowledge,github_actions,configuration_failure,,human_approved,approved,project_owner_assisted_review,2026-07-29T04:10:47.317043+00:00
bm-gha-01,kn-gh-actions-runner-3644-c000,3,research_knowledge,github_actions,configuration_failure,,human_approved,approved,project_owner_assisted_review,2026-07-29T04:10:47.317043+00:00
bm-gha-01,kn-gh-actions-runner-3652-c000,3,research_knowledge,github_actions,configuration_failure,,human_approved,approved,project_owner_assisted_review,2026-07-29T04:10:47.317043+00:00
bm-gha-01,kn-gh-actions-runner-3702-c000,3,research_knowledge,github_actions,configuration_failure,,human_approved,approved,project_owner_assisted_review,2026-07-29T04:10:47.317043+00:00
bm-gha-01,kn-gh-actions-runner-3731-c000,3,research_knowledge,github_actions,configuration_failure,,human_approved,approved,project_owner_assisted_review,2026-07-29T04:10:47.317043+00:00
bm-gha-01,kn-gh-actions-runner-3737-c000,3,research_knowledge,github_actions,configuration_failure,,human_approved,approved,project_owner_assisted_review,2026-07-29T04:10:47.317043+00:00
bm-gha-01,kn-gh-actions-runner-3765-c000,2,research_knowledge,github_actions,test_failure,,human_approved,approved,project_owner_assisted_review,2026-07-29T04:10:47.317043+00:00
bm-gha-01,kn-gh-actions-runner-3868-c000,3,research_knowledge,github_actions,configuration_failure,,human_approved,approved,project_owner_assisted_review,2026-07-29T04:10:47.317043+00:00
bm-gha-01,kn-gh-actions-runner-3897-c000,2,research_knowledge,github_actions,network_failure,,human_approved,approved,project_owner_assisted_review,2026-07-29T04:10:47.317043+00:00
bm-gha-01,kn-gh-actions-runner-4312-c000,2,research_knowledge,github_actions,network_failure,,human_approved,approved,project_owner_assisted_review,2026-07-29T04:10:47.317043+00:00
bm-gha-01,kn-gh-actions-runner-4312-c001,2,research_knowledge,github_actions,network_failure,,human_approved,approved,project_owner_assisted_review,2026-07-29T04:10:47.317043+00:00
bm-gha-01,kn-gh-actions-runner-4385-c000,3,research_knowledge,github_actions,configuration_failure,,human_approved,approved,project_owner_assisted_review,2026-07-29T04:10:47.317043+00:00
bm-gha-01,kn-gh-actions-runner-4523-c000,2,research_knowledge,github_actions,network_failure,,human_approved,approved,project_owner_assisted_review,2026-07-29T04:10:47.317043+00:00
bm-gha-01,kn-gh-actions-runner-4542-c000,3,research_knowledge,github_actions,configuration_failure,,human_approved,approved,project_owner_assisted_review,2026-07-29T04:10:47.317043+00:00
bm-gha-01,kn-gh-actions-runner-676-c000,3,research_knowledge,github_actions,configuration_failure,,human_approved,approved,project_owner_assisted_review,2026-07-29T04:10:47.317043+00:00
bm-gha-01,kn-gh-actions-runner-700-c000,3,research_knowledge,github_actions,configuration_failure,,human_approved,approved,project_owner_assisted_review,2026-07-29T04:10:47.317043+00:00
bm-gha-02,doc-gha-using-jobs-c000,3,official_documentation,github_actions,configuration_failure,GitHub Actions,human_approved,approved,project_owner_assisted_review,2026-07-29T04:10:47.317043+00:00
bm-gha-02,doc-gha-using-jobs-c003,3,official_documentation,github_actions,configuration_failure,GitHub Actions,human_approved,approved,project_owner_assisted_review,2026-07-29T04:10:47.317043+00:00
bm-gha-02,doc-gha-workflow-syntax-c000,3,official_documentation,github_actions,configuration_failure,GitHub Actions,human_approved,approved,project_owner_assisted_review,2026-07-29T04:10:47.317043+00:00
bm-gha-02,doc-gha-workflow-syntax-c001,3,official_documentation,github_actions,configuration_failure,GitHub Actions,human_approved,approved,project_owner_assisted_review,2026-07-29T04:10:47.317043+00:00
bm-gha-02,doc-gha-workflow-syntax-c008,3,official_documentation,github_actions,configuration_failure,GitHub Actions,human_approved,approved,project_owner_assisted_review,2026-07-29T04:10:47.317043+00:00
bm-gha-02,doc-gha-workflow-syntax-c009,3,official_documentation,github_actions,configuration_failure,GitHub Actions,human_approved,approved,project_owner_assisted_review,2026-07-29T04:10:47.317043+00:00
bm-gha-02,doc-gha-workflow-syntax-c056,3,official_documentation,github_actions,configuration_failure,GitHub Actions,human_approved,approved,project_owner_assisted_review,2026-07-29T04:10:47.317043+00:00
bm-gha-02,doc-gha-workflow-syntax-c057,3,official_documentation,github_actions,configuration_failure,GitHub Actions,human_approved,approved,project_owner_assisted_review,2026-07-29T04:10:47.317043+00:00
bm-gha-02,doc-gha-workflow-syntax-c179,3,official_documentation,github_actions,configuration_failure,GitHub Actions,human_approved,approved,project_owner_assisted_review,2026-07-29T04:10:47.317043+00:00
bm-gha-02,doc-gha-workflow-syntax-c184,3,official_documentation,github_actions,configuration_failure,GitHub Actions,human_approved,approved,project_owner_assisted_review,2026-07-29T04:10:47.317043+00:00
bm-gha-02,kn-gh-actions-runner-2417-c000,3,research_knowledge,github_actions,configuration_failure,,human_approved,approved,project_owner_assisted_review,2026-07-29T04:10:47.317043+00:00
bm-gha-02,kn-gh-actions-runner-2417-c001,3,research_knowledge,github_actions,configuration_failure,,human_approved,approved,project_owner_assisted_review,2026-07-29T04:10:47.317043+00:00
bm-gha-02,kn-gh-actions-runner-2788-c000,3,research_knowledge,github_actions,configuration_failure,,human_approved,approved,project_owner_assisted_review,2026-07-29T04:10:47.317043+00:00
bm-gha-02,kn-gh-actions-runner-3438-c000,2,research_knowledge,github_actions,security_misconfiguration,,human_approved,approved,project_owner_assisted_review,2026-07-29T04:10:47.317043+00:00
bm-gha-02,kn-gh-actions-runner-3644-c000,3,research_knowledge,github_actions,configuration_failure,,human_approved,approved,project_owner_assisted_review,2026-07-29T04:10:47.317043+00:00
bm-gha-02,kn-gh-actions-runner-3765-c001,2,research_knowledge,github_actions,test_failure,,human_approved,approved,project_owner_assisted_review,2026-07-29T04:10:47.317043+00:00
bm-gha-02,kn-gh-actions-runner-4292-c000,3,research_knowledge,github_actions,configuration_failure,,human_approved,approved,project_owner_assisted_review,2026-07-29T04:10:47.317043+00:00
bm-gha-02,kn-gh-actions-runner-4315-c001,3,research_knowledge,github_actions,configuration_failure,,human_approved,approved,project_owner_assisted_review,2026-07-29T04:10:47.317043+00:00
bm-gha-02,kn-gh-actions-runner-924-c001,2,research_knowledge,github_actions,docker_failure,,human_approved,approved,project_owner_assisted_review,2026-07-29T04:10:47.317043+00:00
bm-gha-03,doc-gha-using-jobs-c000,3,official_documentation,github_actions,configuration_failure,GitHub Actions,human_approved,approved,project_owner_assisted_review,2026-07-29T04:10:47.317043+00:00
bm-gha-03,doc-gha-workflow-syntax-c050,3,official_documentation,github_actions,configuration_failure,GitHub Actions,human_approved,approved,project_owner_assisted_review,2026-07-29T04:10:47.317043+00:00
bm-gha-03,doc-gha-workflow-syntax-c075,2,official_documentation,github_actions,configuration_failure,GitHub Actions,human_approved,approved,project_owner_assisted_review,2026-07-29T04:10:47.317043+00:00
bm-gha-03,doc-gha-workflow-syntax-c078,3,official_documentation,github_actions,configuration_failure,GitHub Actions,human_approved,approved,project_owner_assisted_review,2026-07-29T04:10:47.317043+00:00
bm-gha-03,doc-gha-workflow-syntax-c151,3,official_documentation,github_actions,configuration_failure,GitHub Actions,human_approved,approved,project_owner_assisted_review,2026-07-29T04:10:47.317043+00:00
bm-gha-03,doc-gha-workflow-syntax-c163,3,official_documentation,github_actions,configuration_failure,GitHub Actions,human_approved,approved,project_owner_assisted_review,2026-07-29T04:10:47.317043+00:00
bm-gha-03,doc-gha-workflow-syntax-c172,3,official_documentation,github_actions,configuration_failure,GitHub Actions,human_approved,approved,project_owner_assisted_review,2026-07-29T04:10:47.317043+00:00
bm-gha-03,doc-gha-workflow-syntax-c184,3,official_documentation,github_actions,configuration_failure,GitHub Actions,human_approved,approved,project_owner_assisted_review,2026-07-29T04:10:47.317043+00:00
bm-gha-03,doc-gha-workflow-syntax-c185,3,official_documentation,github_actions,configuration_failure,GitHub Actions,human_approved,approved,project_owner_assisted_review,2026-07-29T04:10:47.317043+00:00
bm-gha-03,doc-gha-workflow-syntax-c206,3,official_documentation,github_actions,configuration_failure,GitHub Actions,human_approved,approved,project_owner_assisted_review,2026-07-29T04:10:47.317043+00:00
bm-gha-03,doc-gha-workflow-syntax-c207,2,official_documentation,github_actions,configuration_failure,GitHub Actions,human_approved,approved,project_owner_assisted_review,2026-07-29T04:10:47.317043+00:00
bm-gha-03,doc-gha-workflow-syntax-c272,3,official_documentation,github_actions,configuration_failure,GitHub Actions,human_approved,approved,project_owner_assisted_review,2026-07-29T04:10:47.317043+00:00
bm-gha-03,doc-gha-workflow-syntax-c274,3,official_documentation,github_actions,configuration_failure,GitHub Actions,human_approved,approved,project_owner_assisted_review,2026-07-29T04:10:47.317043+00:00
bm-gha-03,doc-gha-workflow-syntax-c275,3,official_documentation,github_actions,configuration_failure,GitHub Actions,human_approved,approved,project_owner_assisted_review,2026-07-29T04:10:47.317043+00:00
bm-gha-03,kn-gh-actions-runner-2417-c000,3,research_knowledge,github_actions,configuration_failure,,human_approved,approved,project_owner_assisted_review,2026-07-29T04:10:47.317043+00:00
bm-gha-03,kn-gh-actions-runner-2417-c001,3,research_knowledge,github_actions,configuration_failure,,human_approved,approved,project_owner_assisted_review,2026-07-29T04:10:47.317043+00:00
bm-gha-03,kn-gh-actions-runner-4500-c000,2,research_knowledge,github_actions,security_misconfiguration,,human_approved,approved,project_owner_assisted_review,2026-07-29T04:10:47.317043+00:00
bm-gha-03,kn-gh-actions-runner-4500-c002,2,research_knowledge,github_actions,security_misconfiguration,,human_approved,approved,project_owner_assisted_review,2026-07-29T04:10:47.317043+00:00
bm-gha-03,kn-gh-actions-runner-4531-c000,2,research_knowledge,github_actions,security_misconfiguration,,human_approved,approved,project_owner_assisted_review,2026-07-29T04:10:47.317043+00:00
bm-gha-03,kn-gh-actions-runner-4531-c001,2,research_knowledge,github_actions,security_misconfiguration,,human_approved,approved,project_owner_assisted_review,2026-07-29T04:10:47.317043+00:00
bm-gha-04,kn-gh-actions-cache-1104-c000,3,research_knowledge,github_actions,configuration_failure,,human_approved,approved,project_owner_assisted_review,2026-07-29T04:10:47.317043+00:00
bm-gha-04,kn-gh-actions-cache-1114-c000,3,research_knowledge,github_actions,configuration_failure,,human_approved,approved,project_owner_assisted_review,2026-07-29T04:10:47.317043+00:00
bm-gha-04,kn-gh-actions-cache-1114-c001,3,research_knowledge,github_actions,configuration_failure,,human_approved,approved,project_owner_assisted_review,2026-07-29T04:10:47.317043+00:00
bm-gha-04,kn-gh-actions-cache-120-c000,3,research_knowledge,github_actions,configuration_failure,,human_approved,approved,project_owner_assisted_review,2026-07-29T04:10:47.317043+00:00
bm-gha-04,kn-gh-actions-cache-144-c000,2,research_knowledge,github_actions,build_failure,,human_approved,approved,project_owner_assisted_review,2026-07-29T04:10:47.317043+00:00
bm-gha-04,kn-gh-actions-cache-1552-c000,3,research_knowledge,github_actions,configuration_failure,,human_approved,approved,project_owner_assisted_review,2026-07-29T04:10:47.317043+00:00
bm-gha-04,kn-gh-actions-cache-1552-c002,3,research_knowledge,github_actions,configuration_failure,,human_approved,approved,project_owner_assisted_review,2026-07-29T04:10:47.317043+00:00
bm-gha-04,kn-gh-actions-cache-191-c000,3,research_knowledge,github_actions,configuration_failure,,human_approved,approved,project_owner_assisted_review,2026-07-29T04:10:47.317043+00:00
bm-gha-04,kn-gh-actions-cache-192-c000,3,research_knowledge,github_actions,configuration_failure,,human_approved,approved,project_owner_assisted_review,2026-07-29T04:10:47.317043+00:00
bm-gha-04,kn-gh-actions-cache-193-c000,3,research_knowledge,github_actions,configuration_failure,,human_approved,approved,project_owner_assisted_review,2026-07-29T04:10:47.317043+00:00
bm-gha-04,kn-gh-actions-cache-208-c000,3,research_knowledge,github_actions,configuration_failure,,human_approved,approved,project_owner_assisted_review,2026-07-29T04:10:47.317043+00:00
bm-gha-04,kn-gh-actions-cache-362-c000,3,research_knowledge,github_actions,configuration_failure,,human_approved,approved,project_owner_assisted_review,2026-07-29T04:10:47.317043+00:00
bm-gha-04,kn-gh-actions-cache-666-c000,3,research_knowledge,github_actions,configuration_failure,,human_approved,approved,project_owner_assisted_review,2026-07-29T04:10:47.317043+00:00
bm-gha-04,kn-gh-actions-cache-684-c000,3,research_knowledge,github_actions,configuration_failure,,human_approved,approved,project_owner_assisted_review,2026-07-29T04:10:47.317043+00:00
bm-gha-04,kn-gh-actions-cache-815-c000,2,research_knowledge,github_actions,dependency_failure,,human_approved,approved,project_owner_assisted_review,2026-07-29T04:10:47.317043+00:00
bm-gha-04,kn-gh-actions-cache-833-c000,3,research_knowledge,github_actions,configuration_failure,,human_approved,approved,project_owner_assisted_review,2026-07-29T04:10:47.317043+00:00
bm-gha-04,kn-gh-actions-cache-862-c000,2,research_knowledge,github_actions,build_failure,,human_approved,approved,project_owner_assisted_review,2026-07-29T04:10:47.317043+00:00
bm-gha-04,kn-gh-actions-cache-882-c000,2,research_knowledge,github_actions,network_failure,,human_approved,approved,project_owner_assisted_review,2026-07-29T04:10:47.317043+00:00
bm-gha-04,kn-gh-actions-cache-915-c000,3,research_knowledge,github_actions,configuration_failure,,human_approved,approved,project_owner_assisted_review,2026-07-29T04:10:47.317043+00:00
bm-gha-04,kn-gh-actions-cache-926-c000,3,research_knowledge,github_actions,configuration_failure,,human_approved,approved,project_owner_assisted_review,2026-07-29T04:10:47.317043+00:00
bm-gha-05,doc-gha-workflow-syntax-c074,3,official_documentation,github_actions,configuration_failure,GitHub Actions,human_approved,approved,project_owner_assisted_review,2026-07-29T04:10:47.317043+00:00
bm-gha-05,doc-gha-workflow-syntax-c179,3,official_documentation,github_actions,configuration_failure,GitHub Actions,human_approved,approved,project_owner_assisted_review,2026-07-29T04:10:47.317043+00:00
bm-gha-05,doc-gha-workflow-syntax-c180,3,official_documentation,github_actions,configuration_failure,GitHub Actions,human_approved,approved,project_owner_assisted_review,2026-07-29T04:10:47.317043+00:00
bm-gha-05,doc-gha-workflow-syntax-c184,3,official_documentation,github_actions,configuration_failure,GitHub Actions,human_approved,approved,project_owner_assisted_review,2026-07-29T04:10:47.317043+00:00
bm-gha-05,doc-gha-workflow-syntax-c185,3,official_documentation,github_actions,configuration_failure,GitHub Actions,human_approved,approved,project_owner_assisted_review,2026-07-29T04:10:47.317043+00:00
bm-gha-05,kn-gh-actions-cache-1552-c000,3,research_knowledge,github_actions,configuration_failure,,human_approved,approved,project_owner_assisted_review,2026-07-29T04:10:47.317043+00:00
bm-gha-05,kn-gh-actions-cache-208-c000,3,research_knowledge,github_actions,configuration_failure,,human_approved,approved,project_owner_assisted_review,2026-07-29T04:10:47.317043+00:00
bm-gha-05,kn-gh-actions-cache-684-c000,3,research_knowledge,github_actions,configuration_failure,,human_approved,approved,project_owner_assisted_review,2026-07-29T04:10:47.317043+00:00
bm-gha-05,kn-gh-actions-cache-720-c001,3,research_knowledge,github_actions,configuration_failure,,human_approved,approved,project_owner_assisted_review,2026-07-29T04:10:47.317043+00:00
bm-gha-05,kn-gh-actions-cache-833-c000,3,research_knowledge,github_actions,configuration_failure,,human_approved,approved,project_owner_assisted_review,2026-07-29T04:10:47.317043+00:00
bm-gha-05,kn-gh-actions-runner-1070-c000,3,research_knowledge,github_actions,configuration_failure,,human_approved,approved,project_owner_assisted_review,2026-07-29T04:10:47.317043+00:00
bm-gha-05,kn-gh-actions-runner-3644-c000,3,research_knowledge,github_actions,configuration_failure,,human_approved,approved,project_owner_assisted_review,2026-07-29T04:10:47.317043+00:00
bm-gha-05,kn-gh-actions-runner-3765-c000,2,research_knowledge,github_actions,test_failure,,human_approved,approved,project_owner_assisted_review,2026-07-29T04:10:47.317043+00:00
bm-gha-05,kn-gh-actions-runner-3765-c001,2,research_knowledge,github_actions,test_failure,,human_approved,approved,project_owner_assisted_review,2026-07-29T04:10:47.317043+00:00
bm-gha-05,kn-gh-actions-runner-3897-c000,2,research_knowledge,github_actions,network_failure,,human_approved,approved,project_owner_assisted_review,2026-07-29T04:10:47.317043+00:00
bm-gha-05,kn-gh-actions-runner-4217-c000,3,research_knowledge,github_actions,configuration_failure,,human_approved,approved,project_owner_assisted_review,2026-07-29T04:10:47.317043+00:00
bm-gha-05,kn-gh-actions-runner-4500-c000,2,research_knowledge,github_actions,security_misconfiguration,,human_approved,approved,project_owner_assisted_review,2026-07-29T04:10:47.317043+00:00
bm-gha-06,doc-gha-workflow-syntax-c115,3,official_documentation,github_actions,configuration_failure,GitHub Actions,human_approved,approved,project_owner_assisted_review,2026-07-29T04:10:47.317043+00:00
bm-gha-06,doc-gha-workflow-syntax-c233,3,official_documentation,github_actions,configuration_failure,GitHub Actions,human_approved,approved,project_owner_assisted_review,2026-07-29T04:10:47.317043+00:00
bm-gha-06,kn-gh-actions-cache-1114-c000,3,research_knowledge,github_actions,configuration_failure,,human_approved,approved,project_owner_assisted_review,2026-07-29T04:10:47.317043+00:00
bm-gha-06,kn-gh-actions-cache-191-c000,3,research_knowledge,github_actions,configuration_failure,,human_approved,approved,project_owner_assisted_review,2026-07-29T04:10:47.317043+00:00
bm-gha-06,kn-gh-actions-cache-684-c000,3,research_knowledge,github_actions,configuration_failure,,human_approved,approved,project_owner_assisted_review,2026-07-29T04:10:47.317043+00:00
bm-gha-06,kn-gh-actions-cache-720-c001,3,research_knowledge,github_actions,configuration_failure,,human_approved,approved,project_owner_assisted_review,2026-07-29T04:10:47.317043+00:00
bm-gha-06,kn-gh-actions-cache-810-c000,3,research_knowledge,github_actions,configuration_failure,,human_approved,approved,project_owner_assisted_review,2026-07-29T04:10:47.317043+00:00
bm-gha-06,kn-gh-actions-cache-952-c000,3,research_knowledge,github_actions,configuration_failure,,human_approved,approved,project_owner_assisted_review,2026-07-29T04:10:47.317043+00:00
bm-gha-06,kn-gh-actions-runner-2417-c000,3,research_knowledge,github_actions,configuration_failure,,human_approved,approved,project_owner_assisted_review,2026-07-29T04:10:47.317043+00:00
bm-gha-06,kn-gh-actions-runner-2551-c000,3,research_knowledge,github_actions,configuration_failure,,human_approved,approved,project_owner_assisted_review,2026-07-29T04:10:47.317043+00:00
bm-gha-06,kn-gh-actions-runner-2788-c000,3,research_knowledge,github_actions,configuration_failure,,human_approved,approved,project_owner_assisted_review,2026-07-29T04:10:47.317043+00:00
bm-gha-06,kn-gh-actions-runner-3535-c000,3,research_knowledge,github_actions,configuration_failure,,human_approved,approved,project_owner_assisted_review,2026-07-29T04:10:47.317043+00:00
bm-gha-06,kn-gh-actions-runner-3535-c001,3,research_knowledge,github_actions,configuration_failure,,human_approved,approved,project_owner_assisted_review,2026-07-29T04:10:47.317043+00:00
bm-gha-06,kn-gh-actions-runner-3644-c000,3,research_knowledge,github_actions,configuration_failure,,human_approved,approved,project_owner_assisted_review,2026-07-29T04:10:47.317043+00:00
bm-gha-06,kn-gh-actions-runner-3731-c001,3,research_knowledge,github_actions,configuration_failure,,human_approved,approved,project_owner_assisted_review,2026-07-29T04:10:47.317043+00:00
bm-gha-06,kn-gh-actions-runner-3765-c000,2,research_knowledge,github_actions,test_failure,,human_approved,approved,project_owner_assisted_review,2026-07-29T04:10:47.317043+00:00
bm-gha-06,kn-gh-actions-runner-3868-c000,3,research_knowledge,github_actions,configuration_failure,,human_approved,approved,project_owner_assisted_review,2026-07-29T04:10:47.317043+00:00
bm-gha-06,kn-gh-actions-runner-4315-c001,3,research_knowledge,github_actions,configuration_failure,,human_approved,approved,project_owner_assisted_review,2026-07-29T04:10:47.317043+00:00
bm-gha-06,kn-gh-actions-runner-4411-c000,3,research_knowledge,github_actions,configuration_failure,,human_approved,approved,project_owner_assisted_review,2026-07-29T04:10:47.317043+00:00
bm-gha-06,kn-gh-actions-runner-4411-c001,3,research_knowledge,github_actions,configuration_failure,,human_approved,approved,project_owner_assisted_review,2026-07-29T04:10:47.317043+00:00
bm-gha-07,doc-gha-workflow-syntax-c000,3,official_documentation,github_actions,configuration_failure,GitHub Actions,human_approved,approved,project_owner_assisted_review,2026-07-29T04:10:47.317043+00:00
bm-gha-07,doc-gha-workflow-syntax-c064,3,official_documentation,github_actions,configuration_failure,GitHub Actions,human_approved,approved,project_owner_assisted_review,2026-07-29T04:10:47.317043+00:00
bm-gha-07,doc-gha-workflow-syntax-c180,3,official_documentation,github_actions,configuration_failure,GitHub Actions,human_approved,approved,project_owner_assisted_review,2026-07-29T04:10:47.317043+00:00
bm-gha-07,doc-gha-workflow-syntax-c184,3,official_documentation,github_actions,configuration_failure,GitHub Actions,human_approved,approved,project_owner_assisted_review,2026-07-29T04:10:47.317043+00:00
bm-gha-07,doc-gha-workflow-syntax-c185,3,official_documentation,github_actions,configuration_failure,GitHub Actions,human_approved,approved,project_owner_assisted_review,2026-07-29T04:10:47.317043+00:00
bm-gha-07,kn-gh-actions-cache-684-c000,3,research_knowledge,github_actions,configuration_failure,,human_approved,approved,project_owner_assisted_review,2026-07-29T04:10:47.317043+00:00
bm-gha-07,kn-gh-actions-cache-720-c001,3,research_knowledge,github_actions,configuration_failure,,human_approved,approved,project_owner_assisted_review,2026-07-29T04:10:47.317043+00:00
bm-gha-07,kn-gh-actions-runner-2551-c000,3,research_knowledge,github_actions,configuration_failure,,human_approved,approved,project_owner_assisted_review,2026-07-29T04:10:47.317043+00:00
bm-gha-07,kn-gh-actions-runner-3238-c000,3,research_knowledge,github_actions,configuration_failure,,human_approved,approved,project_owner_assisted_review,2026-07-29T04:10:47.317043+00:00
bm-gha-07,kn-gh-actions-runner-3535-c000,3,research_knowledge,github_actions,configuration_failure,,human_approved,approved,project_owner_assisted_review,2026-07-29T04:10:47.317043+00:00
bm-gha-07,kn-gh-actions-runner-3644-c000,3,research_knowledge,github_actions,configuration_failure,,human_approved,approved,project_owner_assisted_review,2026-07-29T04:10:47.317043+00:00
bm-gha-07,kn-gh-actions-runner-3703-c000,2,research_knowledge,github_actions,network_failure,,human_approved,approved,project_owner_assisted_review,2026-07-29T04:10:47.317043+00:00
bm-gha-07,kn-gh-actions-runner-3731-c000,3,research_knowledge,github_actions,configuration_failure,,human_approved,approved,project_owner_assisted_review,2026-07-29T04:10:47.317043+00:00
bm-gha-07,kn-gh-actions-runner-3765-c000,2,research_knowledge,github_actions,test_failure,,human_approved,approved,project_owner_assisted_review,2026-07-29T04:10:47.317043+00:00
bm-gha-07,kn-gh-actions-runner-3929-c000,3,research_knowledge,github_actions,configuration_failure,,human_approved,approved,project_owner_assisted_review,2026-07-29T04:10:47.317043+00:00
bm-gha-07,kn-gh-actions-runner-4217-c000,3,research_knowledge,github_actions,configuration_failure,,human_approved,approved,project_owner_assisted_review,2026-07-29T04:10:47.317043+00:00
bm-gha-07,kn-gh-actions-runner-4385-c000,3,research_knowledge,github_actions,configuration_failure,,human_approved,approved,project_owner_assisted_review,2026-07-29T04:10:47.317043+00:00
bm-gha-07,kn-gh-actions-runner-4500-c000,2,research_knowledge,github_actions,security_misconfiguration,,human_approved,approved,project_owner_assisted_review,2026-07-29T04:10:47.317043+00:00
bm-gha-07,kn-gh-actions-runner-769-c000,2,research_knowledge,github_actions,aws_permission_failure,,human_approved,approved,project_owner_assisted_review,2026-07-29T04:10:47.317043+00:00
bm-gha-08,kn-gh-actions-runner-2486-c000,2,research_knowledge,github_actions,aws_permission_failure,,human_approved,approved,project_owner_assisted_review,2026-07-29T04:10:47.317043+00:00
bm-gha-08,kn-gh-actions-runner-2551-c000,3,research_knowledge,github_actions,configuration_failure,,human_approved,approved,project_owner_assisted_review,2026-07-29T04:10:47.317043+00:00
bm-gha-08,kn-gh-actions-runner-2624-c000,3,research_knowledge,github_actions,configuration_failure,,human_approved,approved,project_owner_assisted_review,2026-07-29T04:10:47.317043+00:00
bm-gha-08,kn-gh-actions-runner-3238-c000,3,research_knowledge,github_actions,configuration_failure,,human_approved,approved,project_owner_assisted_review,2026-07-29T04:10:47.317043+00:00
bm-gha-08,kn-gh-actions-runner-3241-c000,2,research_knowledge,github_actions,network_failure,,human_approved,approved,project_owner_assisted_review,2026-07-29T04:10:47.317043+00:00
bm-gha-08,kn-gh-actions-runner-3515-c000,3,research_knowledge,github_actions,configuration_failure,,human_approved,approved,project_owner_assisted_review,2026-07-29T04:10:47.317043+00:00
bm-gha-08,kn-gh-actions-runner-3683-c000,2,research_knowledge,github_actions,security_misconfiguration,,human_approved,approved,project_owner_assisted_review,2026-07-29T04:10:47.317043+00:00
bm-gha-08,kn-gh-actions-runner-3690-c000,2,research_knowledge,github_actions,network_failure,,human_approved,approved,project_owner_assisted_review,2026-07-29T04:10:47.317043+00:00
bm-gha-08,kn-gh-actions-runner-3765-c000,2,research_knowledge,github_actions,test_failure,,human_approved,approved,project_owner_assisted_review,2026-07-29T04:10:47.317043+00:00
bm-gha-08,kn-gh-actions-runner-3868-c000,3,research_knowledge,github_actions,configuration_failure,,human_approved,approved,project_owner_assisted_review,2026-07-29T04:10:47.317043+00:00
bm-gha-08,kn-gh-actions-runner-3897-c000,2,research_knowledge,github_actions,network_failure,,human_approved,approved,project_owner_assisted_review,2026-07-29T04:10:47.317043+00:00
bm-gha-08,kn-gh-actions-runner-3934-c000,3,research_knowledge,github_actions,configuration_failure,,human_approved,approved,project_owner_assisted_review,2026-07-29T04:10:47.317043+00:00
bm-gha-08,kn-gh-actions-runner-4217-c000,3,research_knowledge,github_actions,configuration_failure,,human_approved,approved,project_owner_assisted_review,2026-07-29T04:10:47.317043+00:00
bm-gha-08,kn-gh-actions-runner-4312-c000,2,research_knowledge,github_actions,network_failure,,human_approved,approved,project_owner_assisted_review,2026-07-29T04:10:47.317043+00:00
bm-gha-08,kn-gh-actions-runner-4312-c001,2,research_knowledge,github_actions,network_failure,,human_approved,approved,project_owner_assisted_review,2026-07-29T04:10:47.317043+00:00
bm-gha-08,kn-gh-actions-runner-4314-c000,3,research_knowledge,github_actions,configuration_failure,,human_approved,approved,project_owner_assisted_review,2026-07-29T04:10:47.317043+00:00
bm-gha-08,kn-gh-actions-runner-4385-c000,3,research_knowledge,github_actions,configuration_failure,,human_approved,approved,project_owner_assisted_review,2026-07-29T04:10:47.317043+00:00
bm-gha-08,kn-gh-actions-runner-4392-c000,3,research_knowledge,github_actions,configuration_failure,,human_approved,approved,project_owner_assisted_review,2026-07-29T04:10:47.317043+00:00
bm-gha-08,kn-gh-actions-runner-4501-c000,3,research_knowledge,github_actions,configuration_failure,,human_approved,approved,project_owner_assisted_review,2026-07-29T04:10:47.317043+00:00
bm-gha-08,kn-gh-actions-runner-4542-c000,3,research_knowledge,github_actions,configuration_failure,,human_approved,approved,project_owner_assisted_review,2026-07-29T04:10:47.317043+00:00
bm-gha-09,doc-gha-using-jobs-c000,3,official_documentation,github_actions,configuration_failure,GitHub Actions,human_approved,approved,project_owner_assisted_review,2026-07-29T04:10:47.317043+00:00
bm-gha-09,doc-gha-workflow-syntax-c000,3,official_documentation,github_actions,configuration_failure,GitHub Actions,human_approved,approved,project_owner_assisted_review,2026-07-29T04:10:47.317043+00:00
bm-gha-09,doc-gha-workflow-syntax-c001,3,official_documentation,github_actions,configuration_failure,GitHub Actions,human_approved,approved,project_owner_assisted_review,2026-07-29T04:10:47.317043+00:00
bm-gha-09,doc-gha-workflow-syntax-c002,3,official_documentation,github_actions,configuration_failure,GitHub Actions,human_approved,approved,project_owner_assisted_review,2026-07-29T04:10:47.317043+00:00
bm-gha-09,doc-gha-workflow-syntax-c007,3,official_documentation,github_actions,configuration_failure,GitHub Actions,human_approved,approved,project_owner_assisted_review,2026-07-29T04:10:47.317043+00:00
bm-gha-09,doc-gha-workflow-syntax-c116,3,official_documentation,github_actions,configuration_failure,GitHub Actions,human_approved,approved,project_owner_assisted_review,2026-07-29T04:10:47.317043+00:00
bm-gha-09,doc-gha-workflow-syntax-c117,3,official_documentation,github_actions,configuration_failure,GitHub Actions,human_approved,approved,project_owner_assisted_review,2026-07-29T04:10:47.317043+00:00
bm-gha-09,doc-gha-workflow-syntax-c168,3,official_documentation,github_actions,configuration_failure,GitHub Actions,human_approved,approved,project_owner_assisted_review,2026-07-29T04:10:47.317043+00:00
bm-gha-09,doc-gha-workflow-syntax-c179,3,official_documentation,github_actions,configuration_failure,GitHub Actions,human_approved,approved,project_owner_assisted_review,2026-07-29T04:10:47.317043+00:00
bm-gha-09,doc-gha-workflow-syntax-c277,3,official_documentation,github_actions,configuration_failure,GitHub Actions,human_approved,approved,project_owner_assisted_review,2026-07-29T04:10:47.317043+00:00
bm-gha-09,kn-gh-actions-cache-1552-c002,3,research_knowledge,github_actions,configuration_failure,,human_approved,approved,project_owner_assisted_review,2026-07-29T04:10:47.317043+00:00
bm-gha-09,kn-gh-actions-runner-2417-c000,3,research_knowledge,github_actions,configuration_failure,,human_approved,approved,project_owner_assisted_review,2026-07-29T04:10:47.317043+00:00
bm-gha-09,kn-gh-actions-runner-2417-c001,3,research_knowledge,github_actions,configuration_failure,,human_approved,approved,project_owner_assisted_review,2026-07-29T04:10:47.317043+00:00
bm-gha-09,kn-gh-actions-runner-3644-c000,3,research_knowledge,github_actions,configuration_failure,,human_approved,approved,project_owner_assisted_review,2026-07-29T04:10:47.317043+00:00
bm-gha-09,kn-gh-actions-runner-3644-c001,3,research_knowledge,github_actions,configuration_failure,,human_approved,approved,project_owner_assisted_review,2026-07-29T04:10:47.317043+00:00
bm-gha-09,kn-gh-actions-runner-4315-c001,3,research_knowledge,github_actions,configuration_failure,,human_approved,approved,project_owner_assisted_review,2026-07-29T04:10:47.317043+00:00
bm-gha-09,kn-gh-actions-runner-4500-c000,2,research_knowledge,github_actions,security_misconfiguration,,human_approved,approved,project_owner_assisted_review,2026-07-29T04:10:47.317043+00:00
bm-gha-09,kn-gh-actions-runner-4500-c002,2,research_knowledge,github_actions,security_misconfiguration,,human_approved,approved,project_owner_assisted_review,2026-07-29T04:10:47.317043+00:00
bm-gha-09,kn-gh-actions-runner-924-c001,2,research_knowledge,github_actions,docker_failure,,human_approved,approved,project_owner_assisted_review,2026-07-29T04:10:47.317043+00:00
bm-gha-10,doc-gha-workflow-syntax-c165,3,official_documentation,github_actions,configuration_failure,GitHub Actions,human_approved,approved,project_owner_assisted_review,2026-07-29T04:10:47.317043+00:00
bm-gha-10,kn-gh-actions-cache-189-c000,2,research_knowledge,github_actions,network_failure,,human_approved,approved,project_owner_assisted_review,2026-07-29T04:10:47.317043+00:00
bm-gha-10,kn-gh-actions-cache-720-c001,2,research_knowledge,github_actions,configuration_failure,,human_approved,approved,project_owner_assisted_review,2026-07-29T04:10:47.317043+00:00
bm-gha-10,kn-gh-actions-cache-810-c000,3,research_knowledge,github_actions,configuration_failure,,human_approved,approved,project_owner_assisted_review,2026-07-29T04:10:47.317043+00:00
bm-gha-10,kn-gh-actions-cache-882-c000,2,research_knowledge,github_actions,network_failure,,human_approved,approved,project_owner_assisted_review,2026-07-29T04:10:47.317043+00:00
bm-gha-10,kn-gh-actions-runner-2417-c000,3,research_knowledge,github_actions,configuration_failure,,human_approved,approved,project_owner_assisted_review,2026-07-29T04:10:47.317043+00:00
bm-gha-10,kn-gh-actions-runner-3515-c000,3,research_knowledge,github_actions,configuration_failure,,human_approved,approved,project_owner_assisted_review,2026-07-29T04:10:47.317043+00:00
bm-gha-10,kn-gh-actions-runner-3535-c000,3,research_knowledge,github_actions,configuration_failure,,human_approved,approved,project_owner_assisted_review,2026-07-29T04:10:47.317043+00:00
bm-gha-10,kn-gh-actions-runner-3535-c001,3,research_knowledge,github_actions,configuration_failure,,human_approved,approved,project_owner_assisted_review,2026-07-29T04:10:47.317043+00:00
bm-gha-10,kn-gh-actions-runner-3629-c000,3,research_knowledge,github_actions,configuration_failure,,human_approved,approved,project_owner_assisted_review,2026-07-29T04:10:47.317043+00:00
bm-gha-10,kn-gh-actions-runner-3644-c000,3,research_knowledge,github_actions,configuration_failure,,human_approved,approved,project_owner_assisted_review,2026-07-29T04:10:47.317043+00:00
bm-gha-10,kn-gh-actions-runner-3864-c000,3,research_knowledge,github_actions,configuration_failure,,human_approved,approved,project_owner_assisted_review,2026-07-29T04:10:47.317043+00:00
bm-gha-10,kn-gh-actions-runner-3868-c000,3,research_knowledge,github_actions,configuration_failure,,human_approved,approved,project_owner_assisted_review,2026-07-29T04:10:47.317043+00:00
bm-gha-10,kn-gh-actions-runner-3897-c000,2,research_knowledge,github_actions,network_failure,,human_approved,approved,project_owner_assisted_review,2026-07-29T04:10:47.317043+00:00
bm-gha-10,kn-gh-actions-runner-4292-c000,3,research_knowledge,github_actions,configuration_failure,,human_approved,approved,project_owner_assisted_review,2026-07-29T04:10:47.317043+00:00
bm-gha-10,kn-gh-actions-runner-4312-c000,2,research_knowledge,github_actions,network_failure,,human_approved,approved,project_owner_assisted_review,2026-07-29T04:10:47.317043+00:00
bm-gha-10,kn-gh-actions-runner-4312-c001,2,research_knowledge,github_actions,network_failure,,human_approved,approved,project_owner_assisted_review,2026-07-29T04:10:47.317043+00:00
bm-gha-10,kn-gh-actions-runner-4411-c001,3,research_knowledge,github_actions,configuration_failure,,human_approved,approved,project_owner_assisted_review,2026-07-29T04:10:47.317043+00:00
bm-gha-10,kn-gh-actions-runner-700-c000,3,research_knowledge,github_actions,configuration_failure,,human_approved,approved,project_owner_assisted_review,2026-07-29T04:10:47.317043+00:00
bm-gha-11,kn-gh-actions-cache-810-c000,3,research_knowledge,github_actions,configuration_failure,,human_approved,approved,project_owner_assisted_review,2026-07-29T04:10:47.317043+00:00
bm-gha-11,kn-gh-actions-cache-882-c000,2,research_knowledge,github_actions,network_failure,,human_approved,approved,project_owner_assisted_review,2026-07-29T04:10:47.317043+00:00
bm-gha-11,kn-gh-actions-runner-3535-c000,3,research_knowledge,github_actions,configuration_failure,,human_approved,approved,project_owner_assisted_review,2026-07-29T04:10:47.317043+00:00
bm-gha-11,kn-gh-actions-runner-3864-c000,3,research_knowledge,github_actions,configuration_failure,,human_approved,approved,project_owner_assisted_review,2026-07-29T04:10:47.317043+00:00
bm-gha-11,kn-gh-actions-runner-3868-c000,3,research_knowledge,github_actions,configuration_failure,,human_approved,approved,project_owner_assisted_review,2026-07-29T04:10:47.317043+00:00
bm-gha-11,kn-gh-actions-runner-3897-c000,2,research_knowledge,github_actions,network_failure,,human_approved,approved,project_owner_assisted_review,2026-07-29T04:10:47.317043+00:00
bm-gha-12,doc-gha-workflow-syntax-c061,3,official_documentation,github_actions,configuration_failure,GitHub Actions,human_approved,approved,project_owner_assisted_review,2026-07-29T04:10:47.317043+00:00
bm-gha-12,doc-gha-workflow-syntax-c062,3,official_documentation,github_actions,configuration_failure,GitHub Actions,human_approved,approved,project_owner_assisted_review,2026-07-29T04:10:47.317043+00:00
bm-gha-12,doc-gha-workflow-syntax-c065,3,official_documentation,github_actions,configuration_failure,GitHub Actions,human_approved,approved,project_owner_assisted_review,2026-07-29T04:10:47.317043+00:00
bm-gha-12,doc-gha-workflow-syntax-c066,3,official_documentation,github_actions,configuration_failure,GitHub Actions,human_approved,approved,project_owner_assisted_review,2026-07-29T04:10:47.317043+00:00
bm-gha-12,doc-gha-workflow-syntax-c067,3,official_documentation,github_actions,configuration_failure,GitHub Actions,human_approved,approved,project_owner_assisted_review,2026-07-29T04:10:47.317043+00:00
bm-gha-12,doc-gha-workflow-syntax-c068,3,official_documentation,github_actions,configuration_failure,GitHub Actions,human_approved,approved,project_owner_assisted_review,2026-07-29T04:10:47.317043+00:00
bm-gha-12,doc-gha-workflow-syntax-c070,3,official_documentation,github_actions,configuration_failure,GitHub Actions,human_approved,approved,project_owner_assisted_review,2026-07-29T04:10:47.317043+00:00
bm-gha-12,doc-gha-workflow-syntax-c071,3,official_documentation,github_actions,configuration_failure,GitHub Actions,human_approved,approved,project_owner_assisted_review,2026-07-29T04:10:47.317043+00:00
bm-gha-12,doc-gha-workflow-syntax-c073,3,official_documentation,github_actions,configuration_failure,GitHub Actions,human_approved,approved,project_owner_assisted_review,2026-07-29T04:10:47.317043+00:00
bm-gha-12,doc-gha-workflow-syntax-c074,3,official_documentation,github_actions,configuration_failure,GitHub Actions,human_approved,approved,project_owner_assisted_review,2026-07-29T04:10:47.317043+00:00
bm-gha-12,doc-gha-workflow-syntax-c102,3,official_documentation,github_actions,configuration_failure,GitHub Actions,human_approved,approved,project_owner_assisted_review,2026-07-29T04:10:47.317043+00:00
bm-gha-12,doc-gha-workflow-syntax-c105,3,official_documentation,github_actions,configuration_failure,GitHub Actions,human_approved,approved,project_owner_assisted_review,2026-07-29T04:10:47.317043+00:00
bm-gha-12,doc-gha-workflow-syntax-c106,3,official_documentation,github_actions,configuration_failure,GitHub Actions,human_approved,approved,project_owner_assisted_review,2026-07-29T04:10:47.317043+00:00
bm-gha-12,doc-gha-workflow-syntax-c111,3,official_documentation,github_actions,configuration_failure,GitHub Actions,human_approved,approved,project_owner_assisted_review,2026-07-29T04:10:47.317043+00:00
bm-gha-12,kn-gh-actions-cache-208-c000,3,research_knowledge,github_actions,configuration_failure,,human_approved,approved,project_owner_assisted_review,2026-07-29T04:10:47.317043+00:00
bm-gha-12,kn-gh-actions-cache-629-c000,2,research_knowledge,github_actions,aws_permission_failure,,human_approved,approved,project_owner_assisted_review,2026-07-29T04:10:47.317043+00:00
bm-gha-12,kn-gh-actions-cache-720-c001,3,research_knowledge,github_actions,configuration_failure,,human_approved,approved,project_owner_assisted_review,2026-07-29T04:10:47.317043+00:00
bm-gha-12,kn-gh-actions-runner-2486-c000,2,research_knowledge,github_actions,aws_permission_failure,,human_approved,approved,project_owner_assisted_review,2026-07-29T04:10:47.317043+00:00
bm-gha-12,kn-gh-actions-runner-3765-c000,2,research_knowledge,github_actions,test_failure,,human_approved,approved,project_owner_assisted_review,2026-07-29T04:10:47.317043+00:00
bm-gha-13,doc-gha-using-jobs-c000,3,official_documentation,github_actions,configuration_failure,GitHub Actions,human_approved,approved,project_owner_assisted_review,2026-07-29T04:10:47.317043+00:00
bm-gha-13,doc-gha-workflow-syntax-c000,3,official_documentation,github_actions,configuration_failure,GitHub Actions,human_approved,approved,project_owner_assisted_review,2026-07-29T04:10:47.317043+00:00
bm-gha-13,doc-gha-workflow-syntax-c001,3,official_documentation,github_actions,configuration_failure,GitHub Actions,human_approved,approved,project_owner_assisted_review,2026-07-29T04:10:47.317043+00:00
bm-gha-13,doc-gha-workflow-syntax-c008,3,official_documentation,github_actions,configuration_failure,GitHub Actions,human_approved,approved,project_owner_assisted_review,2026-07-29T04:10:47.317043+00:00
bm-gha-13,doc-gha-workflow-syntax-c050,3,official_documentation,github_actions,configuration_failure,GitHub Actions,human_approved,approved,project_owner_assisted_review,2026-07-29T04:10:47.317043+00:00
bm-gha-13,doc-gha-workflow-syntax-c088,3,official_documentation,github_actions,configuration_failure,GitHub Actions,human_approved,approved,project_owner_assisted_review,2026-07-29T04:10:47.317043+00:00
bm-gha-13,doc-gha-workflow-syntax-c179,3,official_documentation,github_actions,configuration_failure,GitHub Actions,human_approved,approved,project_owner_assisted_review,2026-07-29T04:10:47.317043+00:00
bm-gha-13,doc-gha-workflow-syntax-c184,3,official_documentation,github_actions,configuration_failure,GitHub Actions,human_approved,approved,project_owner_assisted_review,2026-07-29T04:10:47.317043+00:00
bm-gha-13,kn-gh-actions-runner-2417-c000,3,research_knowledge,github_actions,configuration_failure,,human_approved,approved,project_owner_assisted_review,2026-07-29T04:10:47.317043+00:00
bm-gha-13,kn-gh-actions-runner-2417-c001,3,research_knowledge,github_actions,configuration_failure,,human_approved,approved,project_owner_assisted_review,2026-07-29T04:10:47.317043+00:00
bm-gha-13,kn-gh-actions-runner-2788-c000,3,research_knowledge,github_actions,configuration_failure,,human_approved,approved,project_owner_assisted_review,2026-07-29T04:10:47.317043+00:00
bm-gha-13,kn-gh-actions-runner-3438-c000,2,research_knowledge,github_actions,security_misconfiguration,,human_approved,approved,project_owner_assisted_review,2026-07-29T04:10:47.317043+00:00
bm-gha-13,kn-gh-actions-runner-3438-c001,2,research_knowledge,github_actions,security_misconfiguration,,human_approved,approved,project_owner_assisted_review,2026-07-29T04:10:47.317043+00:00
bm-gha-13,kn-gh-actions-runner-3535-c000,3,research_knowledge,github_actions,configuration_failure,,human_approved,approved,project_owner_assisted_review,2026-07-29T04:10:47.317043+00:00
bm-gha-13,kn-gh-actions-runner-3644-c000,3,research_knowledge,github_actions,configuration_failure,,human_approved,approved,project_owner_assisted_review,2026-07-29T04:10:47.317043+00:00
bm-gha-13,kn-gh-actions-runner-3731-c001,3,research_knowledge,github_actions,configuration_failure,,human_approved,approved,project_owner_assisted_review,2026-07-29T04:10:47.317043+00:00
bm-gha-13,kn-gh-actions-runner-3765-c000,2,research_knowledge,github_actions,test_failure,,human_approved,approved,project_owner_assisted_review,2026-07-29T04:10:47.317043+00:00
bm-gha-13,kn-gh-actions-runner-3765-c001,2,research_knowledge,github_actions,test_failure,,human_approved,approved,project_owner_assisted_review,2026-07-29T04:10:47.317043+00:00
bm-gha-13,kn-gh-actions-runner-4292-c000,3,research_knowledge,github_actions,configuration_failure,,human_approved,approved,project_owner_assisted_review,2026-07-29T04:10:47.317043+00:00
bm-gha-13,kn-gh-actions-runner-4315-c001,3,research_knowledge,github_actions,configuration_failure,,human_approved,approved,project_owner_assisted_review,2026-07-29T04:10:47.317043+00:00
bm-gha-14,kn-gh-actions-cache-1544-c000,3,research_knowledge,github_actions,configuration_failure,,human_approved,approved,project_owner_assisted_review,2026-07-29T04:10:47.317043+00:00
bm-gha-14,kn-gh-actions-cache-1552-c000,3,research_knowledge,github_actions,configuration_failure,,human_approved,approved,project_owner_assisted_review,2026-07-29T04:10:47.317043+00:00
bm-gha-14,kn-gh-actions-cache-192-c000,3,research_knowledge,github_actions,configuration_failure,,human_approved,approved,project_owner_assisted_review,2026-07-29T04:10:47.317043+00:00
bm-gha-14,kn-gh-actions-cache-339-c000,3,research_knowledge,github_actions,configuration_failure,,human_approved,approved,project_owner_assisted_review,2026-07-29T04:10:47.317043+00:00
bm-gha-14,kn-gh-actions-cache-684-c000,3,research_knowledge,github_actions,configuration_failure,,human_approved,approved,project_owner_assisted_review,2026-07-29T04:10:47.317043+00:00
bm-gha-14,kn-gh-actions-cache-815-c000,2,research_knowledge,github_actions,dependency_failure,,human_approved,approved,project_owner_assisted_review,2026-07-29T04:10:47.317043+00:00
bm-gha-14,kn-gh-actions-cache-833-c000,3,research_knowledge,github_actions,configuration_failure,,human_approved,approved,project_owner_assisted_review,2026-07-29T04:10:47.317043+00:00
bm-gha-14,kn-gh-actions-cache-862-c000,2,research_knowledge,github_actions,build_failure,,human_approved,approved,project_owner_assisted_review,2026-07-29T04:10:47.317043+00:00
bm-gha-14,kn-gh-actions-cache-926-c000,3,research_knowledge,github_actions,configuration_failure,,human_approved,approved,project_owner_assisted_review,2026-07-29T04:10:47.317043+00:00
bm-gha-14,kn-gh-actions-runner-2417-c000,3,research_knowledge,github_actions,configuration_failure,,human_approved,approved,project_owner_assisted_review,2026-07-29T04:10:47.317043+00:00
bm-gha-14,kn-gh-actions-runner-2551-c000,3,research_knowledge,github_actions,configuration_failure,,human_approved,approved,project_owner_assisted_review,2026-07-29T04:10:47.317043+00:00
bm-gha-14,kn-gh-actions-runner-2788-c000,3,research_knowledge,github_actions,configuration_failure,,human_approved,approved,project_owner_assisted_review,2026-07-29T04:10:47.317043+00:00
bm-gha-14,kn-gh-actions-runner-3644-c000,3,research_knowledge,github_actions,configuration_failure,,human_approved,approved,project_owner_assisted_review,2026-07-29T04:10:47.317043+00:00
bm-gha-14,kn-gh-actions-runner-3731-c000,3,research_knowledge,github_actions,configuration_failure,,human_approved,approved,project_owner_assisted_review,2026-07-29T04:10:47.317043+00:00
bm-gha-14,kn-gh-actions-runner-3765-c000,2,research_knowledge,github_actions,test_failure,,human_approved,approved,project_owner_assisted_review,2026-07-29T04:10:47.317043+00:00
bm-gha-14,kn-gh-actions-runner-3765-c001,2,research_knowledge,github_actions,test_failure,,human_approved,approved,project_owner_assisted_review,2026-07-29T04:10:47.317043+00:00
bm-gha-14,kn-gh-actions-runner-3934-c000,3,research_knowledge,github_actions,configuration_failure,,human_approved,approved,project_owner_assisted_review,2026-07-29T04:10:47.317043+00:00
bm-gha-14,kn-gh-actions-runner-4385-c000,3,research_knowledge,github_actions,configuration_failure,,human_approved,approved,project_owner_assisted_review,2026-07-29T04:10:47.317043+00:00
bm-gha-14,kn-gh-actions-runner-4501-c000,3,research_knowledge,github_actions,configuration_failure,,human_approved,approved,project_owner_assisted_review,2026-07-29T04:10:47.317043+00:00
bm-gha-14,kn-gh-actions-runner-4502-c000,3,research_knowledge,github_actions,configuration_failure,,human_approved,approved,project_owner_assisted_review,2026-07-29T04:10:47.317043+00:00
bm-gha-15,doc-gha-workflow-syntax-c088,3,official_documentation,github_actions,configuration_failure,GitHub Actions,human_approved,approved,project_owner_assisted_review,2026-07-29T04:10:47.317043+00:00
bm-gha-15,doc-gha-workflow-syntax-c089,3,official_documentation,github_actions,configuration_failure,GitHub Actions,human_approved,approved,project_owner_assisted_review,2026-07-29T04:10:47.317043+00:00
bm-gha-15,doc-gha-workflow-syntax-c090,3,official_documentation,github_actions,configuration_failure,GitHub Actions,human_approved,approved,project_owner_assisted_review,2026-07-29T04:10:47.317043+00:00
bm-gha-15,doc-gha-workflow-syntax-c093,3,official_documentation,github_actions,configuration_failure,GitHub Actions,human_approved,approved,project_owner_assisted_review,2026-07-29T04:10:47.317043+00:00
bm-gha-15,doc-gha-workflow-syntax-c094,3,official_documentation,github_actions,configuration_failure,GitHub Actions,human_approved,approved,project_owner_assisted_review,2026-07-29T04:10:47.317043+00:00
bm-gha-15,doc-gha-workflow-syntax-c095,3,official_documentation,github_actions,configuration_failure,GitHub Actions,human_approved,approved,project_owner_assisted_review,2026-07-29T04:10:47.317043+00:00
bm-gha-15,kn-gh-actions-cache-810-c000,3,research_knowledge,github_actions,configuration_failure,,human_approved,approved,project_owner_assisted_review,2026-07-29T04:10:47.317043+00:00
bm-gha-15,kn-gh-actions-cache-882-c000,2,research_knowledge,github_actions,network_failure,,human_approved,approved,project_owner_assisted_review,2026-07-29T04:10:47.317043+00:00
bm-gha-15,kn-gh-actions-runner-2551-c000,3,research_knowledge,github_actions,configuration_failure,,human_approved,approved,project_owner_assisted_review,2026-07-29T04:10:47.317043+00:00
bm-gha-15,kn-gh-actions-runner-3535-c000,3,research_knowledge,github_actions,configuration_failure,,human_approved,approved,project_owner_assisted_review,2026-07-29T04:10:47.317043+00:00
bm-gha-15,kn-gh-actions-runner-3535-c001,3,research_knowledge,github_actions,configuration_failure,,human_approved,approved,project_owner_assisted_review,2026-07-29T04:10:47.317043+00:00
bm-gha-15,kn-gh-actions-runner-3644-c000,3,research_knowledge,github_actions,configuration_failure,,human_approved,approved,project_owner_assisted_review,2026-07-29T04:10:47.317043+00:00
bm-gha-15,kn-gh-actions-runner-3731-c001,3,research_knowledge,github_actions,configuration_failure,,human_approved,approved,project_owner_assisted_review,2026-07-29T04:10:47.317043+00:00
bm-gha-15,kn-gh-actions-runner-3824-c001,3,research_knowledge,github_actions,configuration_failure,,human_approved,approved,project_owner_assisted_review,2026-07-29T04:10:47.317043+00:00
bm-gha-15,kn-gh-actions-runner-3868-c000,3,research_knowledge,github_actions,configuration_failure,,human_approved,approved,project_owner_assisted_review,2026-07-29T04:10:47.317043+00:00
bm-gha-15,kn-gh-actions-runner-3897-c000,2,research_knowledge,github_actions,network_failure,,human_approved,approved,project_owner_assisted_review,2026-07-29T04:10:47.317043+00:00
bm-gha-15,kn-gh-actions-runner-4312-c001,2,research_knowledge,github_actions,network_failure,,human_approved,approved,project_owner_assisted_review,2026-07-29T04:10:47.317043+00:00
bm-gha-15,kn-gh-actions-runner-4411-c000,3,research_knowledge,github_actions,configuration_failure,,human_approved,approved,project_owner_assisted_review,2026-07-29T04:10:47.317043+00:00
bm-gha-15,kn-gh-actions-runner-4411-c001,3,research_knowledge,github_actions,configuration_failure,,human_approved,approved,project_owner_assisted_review,2026-07-29T04:10:47.317043+00:00
bm-gha-15,kn-gh-actions-runner-700-c000,3,research_knowledge,github_actions,configuration_failure,,human_approved,approved,project_owner_assisted_review,2026-07-29T04:10:47.317043+00:00
bm-java-01,doc-gradle-java-projects-c002,3,official_documentation,java,build_failure,Gradle,human_approved,approved,project_owner_assisted_review,2026-07-29T04:10:47.317043+00:00
bm-java-01,doc-gradle-java-projects-c016,3,official_documentation,java,build_failure,Gradle,human_approved,approved,project_owner_assisted_review,2026-07-29T04:10:47.317043+00:00
bm-java-01,doc-gradle-java-projects-c019,3,official_documentation,java,build_failure,Gradle,human_approved,approved,project_owner_assisted_review,2026-07-29T04:10:47.317043+00:00
bm-java-01,doc-gradle-java-projects-c065,3,official_documentation,java,build_failure,Gradle,human_approved,approved,project_owner_assisted_review,2026-07-29T04:10:47.317043+00:00
bm-java-01,doc-maven-lifecycle-c000,3,official_documentation,java,build_failure,Apache Maven,human_approved,approved,project_owner_assisted_review,2026-07-29T04:10:47.317043+00:00
bm-java-01,doc-maven-lifecycle-c004,3,official_documentation,java,build_failure,Apache Maven,human_approved,approved,project_owner_assisted_review,2026-07-29T04:10:47.317043+00:00
bm-java-01,doc-maven-lifecycle-c012,3,official_documentation,java,build_failure,Apache Maven,human_approved,approved,project_owner_assisted_review,2026-07-29T04:10:47.317043+00:00
bm-java-01,doc-maven-lifecycle-c030,3,official_documentation,java,build_failure,Apache Maven,human_approved,approved,project_owner_assisted_review,2026-07-29T04:10:47.317043+00:00
bm-java-01,kn-gh-actions-setup-java-1085-c000,3,research_knowledge,java,build_failure,,human_approved,approved,project_owner_assisted_review,2026-07-29T04:10:47.317043+00:00
bm-java-01,kn-gh-actions-setup-java-1085-c001,3,research_knowledge,java,build_failure,,human_approved,approved,project_owner_assisted_review,2026-07-29T04:10:47.317043+00:00
bm-java-01,kn-gh-actions-setup-java-1095-c000,3,research_knowledge,java,build_failure,,human_approved,approved,project_owner_assisted_review,2026-07-29T04:10:47.317043+00:00
bm-java-01,kn-gh-actions-setup-java-1095-c001,3,research_knowledge,java,build_failure,,human_approved,approved,project_owner_assisted_review,2026-07-29T04:10:47.317043+00:00
bm-java-01,kn-gh-actions-setup-java-1099-c001,3,research_knowledge,java,build_failure,,human_approved,approved,project_owner_assisted_review,2026-07-29T04:10:47.317043+00:00
bm-java-01,kn-gh-actions-setup-java-457-c000,3,research_knowledge,java,build_failure,,human_approved,approved,project_owner_assisted_review,2026-07-29T04:10:47.317043+00:00
bm-java-01,kn-gh-actions-setup-java-457-c001,3,research_knowledge,java,build_failure,,human_approved,approved,project_owner_assisted_review,2026-07-29T04:10:47.317043+00:00
bm-java-01,kn-gh-actions-setup-java-530-c001,3,research_knowledge,java,build_failure,,human_approved,approved,project_owner_assisted_review,2026-07-29T04:10:47.317043+00:00
bm-java-01,kn-gh-actions-setup-java-855-c001,3,research_knowledge,java,build_failure,,human_approved,approved,project_owner_assisted_review,2026-07-29T04:10:47.317043+00:00
bm-java-01,kn-gh-actions-setup-java-957-c000,3,research_knowledge,java,build_failure,,human_approved,approved,project_owner_assisted_review,2026-07-29T04:10:47.317043+00:00
bm-java-01,kn-gh-actions-setup-java-970-c000,3,research_knowledge,java,build_failure,,human_approved,approved,project_owner_assisted_review,2026-07-29T04:10:47.317043+00:00
bm-java-02,doc-gradle-java-projects-c000,3,official_documentation,java,build_failure,Gradle,human_approved,approved,project_owner_assisted_review,2026-07-29T04:10:47.317043+00:00
bm-java-02,doc-gradle-java-projects-c014,3,official_documentation,java,build_failure,Gradle,human_approved,approved,project_owner_assisted_review,2026-07-29T04:10:47.317043+00:00
bm-java-02,doc-gradle-java-projects-c018,3,official_documentation,java,build_failure,Gradle,human_approved,approved,project_owner_assisted_review,2026-07-29T04:10:47.317043+00:00
bm-java-02,doc-gradle-java-projects-c019,3,official_documentation,java,build_failure,Gradle,human_approved,approved,project_owner_assisted_review,2026-07-29T04:10:47.317043+00:00
bm-java-02,doc-gradle-java-projects-c022,3,official_documentation,java,build_failure,Gradle,human_approved,approved,project_owner_assisted_review,2026-07-29T04:10:47.317043+00:00
bm-java-02,doc-gradle-java-projects-c026,3,official_documentation,java,build_failure,Gradle,human_approved,approved,project_owner_assisted_review,2026-07-29T04:10:47.317043+00:00
bm-java-02,doc-gradle-java-projects-c029,3,official_documentation,java,build_failure,Gradle,human_approved,approved,project_owner_assisted_review,2026-07-29T04:10:47.317043+00:00
bm-java-02,doc-gradle-java-projects-c033,3,official_documentation,java,build_failure,Gradle,human_approved,approved,project_owner_assisted_review,2026-07-29T04:10:47.317043+00:00
bm-java-02,doc-gradle-java-projects-c034,3,official_documentation,java,build_failure,Gradle,human_approved,approved,project_owner_assisted_review,2026-07-29T04:10:47.317043+00:00
bm-java-02,doc-gradle-java-projects-c038,3,official_documentation,java,build_failure,Gradle,human_approved,approved,project_owner_assisted_review,2026-07-29T04:10:47.317043+00:00
bm-java-02,doc-gradle-java-projects-c047,3,official_documentation,java,build_failure,Gradle,human_approved,approved,project_owner_assisted_review,2026-07-29T04:10:47.317043+00:00
bm-java-02,doc-gradle-java-projects-c068,3,official_documentation,java,build_failure,Gradle,human_approved,approved,project_owner_assisted_review,2026-07-29T04:10:47.317043+00:00
bm-java-02,kn-gh-actions-setup-java-1004-c001,3,research_knowledge,java,build_failure,,human_approved,approved,project_owner_assisted_review,2026-07-29T04:10:47.317043+00:00
bm-java-02,kn-gh-actions-setup-java-1139-c000,2,research_knowledge,java,build_failure,,human_approved,approved,project_owner_assisted_review,2026-07-29T04:10:47.317043+00:00
bm-java-02,kn-gh-actions-setup-java-754-c000,3,research_knowledge,java,build_failure,,human_approved,approved,project_owner_assisted_review,2026-07-29T04:10:47.317043+00:00
bm-java-03,doc-maven-lifecycle-c004,3,official_documentation,java,build_failure,Apache Maven,human_approved,approved,project_owner_assisted_review,2026-07-29T04:10:47.317043+00:00
bm-java-03,doc-maven-lifecycle-c011,3,official_documentation,java,build_failure,Apache Maven,human_approved,approved,project_owner_assisted_review,2026-07-29T04:10:47.317043+00:00
bm-java-03,doc-maven-lifecycle-c018,3,official_documentation,java,build_failure,Apache Maven,human_approved,approved,project_owner_assisted_review,2026-07-29T04:10:47.317043+00:00
bm-java-03,doc-maven-lifecycle-c030,3,official_documentation,java,build_failure,Apache Maven,human_approved,approved,project_owner_assisted_review,2026-07-29T04:10:47.317043+00:00
bm-java-03,kn-gh-actions-setup-java-1085-c000,3,research_knowledge,java,build_failure,,human_approved,approved,project_owner_assisted_review,2026-07-29T04:10:47.317043+00:00
bm-java-03,kn-gh-actions-setup-java-1085-c001,3,research_knowledge,java,build_failure,,human_approved,approved,project_owner_assisted_review,2026-07-29T04:10:47.317043+00:00
bm-java-03,kn-gh-actions-setup-java-1095-c000,3,research_knowledge,java,build_failure,,human_approved,approved,project_owner_assisted_review,2026-07-29T04:10:47.317043+00:00
bm-java-03,kn-gh-actions-setup-java-1095-c001,3,research_knowledge,java,build_failure,,human_approved,approved,project_owner_assisted_review,2026-07-29T04:10:47.317043+00:00
bm-java-03,kn-gh-actions-setup-java-457-c000,3,research_knowledge,java,build_failure,,human_approved,approved,project_owner_assisted_review,2026-07-29T04:10:47.317043+00:00
bm-java-03,kn-gh-actions-setup-java-457-c001,3,research_knowledge,java,build_failure,,human_approved,approved,project_owner_assisted_review,2026-07-29T04:10:47.317043+00:00
bm-java-03,kn-gh-actions-setup-java-530-c001,3,research_knowledge,java,build_failure,,human_approved,approved,project_owner_assisted_review,2026-07-29T04:10:47.317043+00:00
bm-java-03,kn-gh-actions-setup-java-855-c001,3,research_knowledge,java,build_failure,,human_approved,approved,project_owner_assisted_review,2026-07-29T04:10:47.317043+00:00
bm-java-03,kn-gh-actions-setup-java-902-c001,3,research_knowledge,java,build_failure,,human_approved,approved,project_owner_assisted_review,2026-07-29T04:10:47.317043+00:00
bm-java-03,kn-gh-actions-setup-java-957-c000,3,research_knowledge,java,build_failure,,human_approved,approved,project_owner_assisted_review,2026-07-29T04:10:47.317043+00:00
bm-java-03,kn-gh-actions-setup-java-957-c001,3,research_knowledge,java,build_failure,,human_approved,approved,project_owner_assisted_review,2026-07-29T04:10:47.317043+00:00
bm-java-03,kn-gh-actions-setup-java-970-c000,3,research_knowledge,java,build_failure,,human_approved,approved,project_owner_assisted_review,2026-07-29T04:10:47.317043+00:00
bm-java-04,doc-gradle-java-projects-c000,3,official_documentation,java,build_failure,Gradle,human_approved,approved,project_owner_assisted_review,2026-07-29T04:10:47.317043+00:00
bm-java-04,doc-gradle-java-projects-c002,3,official_documentation,java,build_failure,Gradle,human_approved,approved,project_owner_assisted_review,2026-07-29T04:10:47.317043+00:00
bm-java-04,doc-gradle-java-projects-c004,3,official_documentation,java,build_failure,Gradle,human_approved,approved,project_owner_assisted_review,2026-07-29T04:10:47.317043+00:00
bm-java-04,doc-gradle-java-projects-c024,3,official_documentation,java,build_failure,Gradle,human_approved,approved,project_owner_assisted_review,2026-07-29T04:10:47.317043+00:00
bm-java-04,doc-gradle-java-projects-c026,3,official_documentation,java,build_failure,Gradle,human_approved,approved,project_owner_assisted_review,2026-07-29T04:10:47.317043+00:00
bm-java-04,doc-gradle-java-projects-c028,3,official_documentation,java,build_failure,Gradle,human_approved,approved,project_owner_assisted_review,2026-07-29T04:10:47.317043+00:00
bm-java-04,doc-gradle-java-projects-c029,3,official_documentation,java,build_failure,Gradle,human_approved,approved,project_owner_assisted_review,2026-07-29T04:10:47.317043+00:00
bm-java-04,doc-gradle-java-projects-c030,3,official_documentation,java,build_failure,Gradle,human_approved,approved,project_owner_assisted_review,2026-07-29T04:10:47.317043+00:00
bm-java-04,doc-gradle-java-projects-c033,3,official_documentation,java,build_failure,Gradle,human_approved,approved,project_owner_assisted_review,2026-07-29T04:10:47.317043+00:00
bm-java-04,doc-gradle-java-projects-c034,3,official_documentation,java,build_failure,Gradle,human_approved,approved,project_owner_assisted_review,2026-07-29T04:10:47.317043+00:00
bm-java-04,doc-gradle-java-projects-c047,3,official_documentation,java,build_failure,Gradle,human_approved,approved,project_owner_assisted_review,2026-07-29T04:10:47.317043+00:00
bm-java-04,doc-gradle-java-projects-c067,3,official_documentation,java,build_failure,Gradle,human_approved,approved,project_owner_assisted_review,2026-07-29T04:10:47.317043+00:00
bm-java-04,doc-gradle-java-projects-c070,3,official_documentation,java,build_failure,Gradle,human_approved,approved,project_owner_assisted_review,2026-07-29T04:10:47.317043+00:00
bm-java-04,doc-java-se-tools-c000,3,official_documentation,java,build_failure,OpenJDK,human_approved,approved,project_owner_assisted_review,2026-07-29T04:10:47.317043+00:00
bm-java-04,kn-gh-actions-setup-java-1004-c000,3,research_knowledge,java,build_failure,,human_approved,approved,project_owner_assisted_review,2026-07-29T04:10:47.317043+00:00
bm-java-04,kn-gh-actions-setup-java-1004-c001,3,research_knowledge,java,build_failure,,human_approved,approved,project_owner_assisted_review,2026-07-29T04:10:47.317043+00:00
bm-java-04,kn-gh-actions-setup-java-1099-c001,3,research_knowledge,java,build_failure,,human_approved,approved,project_owner_assisted_review,2026-07-29T04:10:47.317043+00:00
bm-java-04,kn-gh-actions-setup-java-1139-c000,3,research_knowledge,java,build_failure,,human_approved,approved,project_owner_assisted_review,2026-07-29T04:10:47.317043+00:00
bm-java-04,kn-gh-actions-setup-java-754-c000,3,research_knowledge,java,build_failure,,human_approved,approved,project_owner_assisted_review,2026-07-29T04:10:47.317043+00:00
bm-java-04,kn-gh-actions-setup-java-892-c000,1,research_knowledge,java,network_failure,,human_approved,approved,project_owner_assisted_review,2026-07-29T04:10:47.317043+00:00
bm-java-05,doc-gradle-java-projects-c000,2,official_documentation,java,build_failure,Gradle,human_approved,approved,project_owner_assisted_review,2026-07-29T04:10:47.317043+00:00
bm-java-05,doc-gradle-java-projects-c004,2,official_documentation,java,build_failure,Gradle,human_approved,approved,project_owner_assisted_review,2026-07-29T04:10:47.317043+00:00
bm-java-05,doc-gradle-java-projects-c027,3,official_documentation,java,build_failure,Gradle,human_approved,approved,project_owner_assisted_review,2026-07-29T04:10:47.317043+00:00
bm-java-05,doc-gradle-java-projects-c028,3,official_documentation,java,build_failure,Gradle,human_approved,approved,project_owner_assisted_review,2026-07-29T04:10:47.317043+00:00
bm-java-05,doc-gradle-java-projects-c030,3,official_documentation,java,build_failure,Gradle,human_approved,approved,project_owner_assisted_review,2026-07-29T04:10:47.317043+00:00
bm-java-05,doc-gradle-java-projects-c038,3,official_documentation,java,build_failure,Gradle,human_approved,approved,project_owner_assisted_review,2026-07-29T04:10:47.317043+00:00
bm-java-05,doc-gradle-java-projects-c065,3,official_documentation,java,build_failure,Gradle,human_approved,approved,project_owner_assisted_review,2026-07-29T04:10:47.317043+00:00
bm-java-05,doc-gradle-java-projects-c068,3,official_documentation,java,build_failure,Gradle,human_approved,approved,project_owner_assisted_review,2026-07-29T04:10:47.317043+00:00
bm-java-05,doc-java-se-tools-c000,2,official_documentation,java,build_failure,OpenJDK,human_approved,approved,project_owner_assisted_review,2026-07-29T04:10:47.317043+00:00
bm-java-05,kn-gh-actions-setup-java-1004-c000,3,research_knowledge,java,build_failure,,human_approved,approved,project_owner_assisted_review,2026-07-29T04:10:47.317043+00:00
bm-java-05,kn-gh-actions-setup-java-1004-c001,3,research_knowledge,java,build_failure,,human_approved,approved,project_owner_assisted_review,2026-07-29T04:10:47.317043+00:00
bm-java-05,kn-gh-actions-setup-java-1008-c000,2,research_knowledge,java,configuration_failure,,human_approved,approved,project_owner_assisted_review,2026-07-29T04:10:47.317043+00:00
bm-java-05,kn-gh-actions-setup-java-1011-c000,2,research_knowledge,java,configuration_failure,,human_approved,approved,project_owner_assisted_review,2026-07-29T04:10:47.317043+00:00
bm-java-05,kn-gh-actions-setup-java-1085-c000,3,research_knowledge,java,build_failure,,human_approved,approved,project_owner_assisted_review,2026-07-29T04:10:47.317043+00:00
bm-java-05,kn-gh-actions-setup-java-963-c000,3,research_knowledge,java,build_failure,,human_approved,approved,project_owner_assisted_review,2026-07-29T04:10:47.317043+00:00
bm-java-05,kn-gh-actions-setup-java-978-c000,2,research_knowledge,java,configuration_failure,,human_approved,approved,project_owner_assisted_review,2026-07-29T04:10:47.317043+00:00
bm-java-06,doc-gradle-java-projects-c052,2,official_documentation,java,build_failure,Gradle,human_approved,approved,project_owner_assisted_review,2026-07-29T04:10:47.317043+00:00
bm-java-06,doc-gradle-java-projects-c059,3,official_documentation,java,build_failure,Gradle,human_approved,approved,project_owner_assisted_review,2026-07-29T04:10:47.317043+00:00
bm-java-06,doc-gradle-java-projects-c065,3,official_documentation,java,build_failure,Gradle,human_approved,approved,project_owner_assisted_review,2026-07-29T04:10:47.317043+00:00
bm-java-06,doc-gradle-java-projects-c068,2,official_documentation,java,build_failure,Gradle,human_approved,approved,project_owner_assisted_review,2026-07-29T04:10:47.317043+00:00
bm-java-06,doc-gradle-java-projects-c069,2,official_documentation,java,build_failure,Gradle,human_approved,approved,project_owner_assisted_review,2026-07-29T04:10:47.317043+00:00
bm-java-06,doc-maven-lifecycle-c004,3,official_documentation,java,build_failure,Apache Maven,human_approved,approved,project_owner_assisted_review,2026-07-29T04:10:47.317043+00:00
bm-java-06,doc-maven-lifecycle-c009,3,official_documentation,java,build_failure,Apache Maven,human_approved,approved,project_owner_assisted_review,2026-07-29T04:10:47.317043+00:00
bm-java-06,doc-maven-lifecycle-c014,3,official_documentation,java,build_failure,Apache Maven,human_approved,approved,project_owner_assisted_review,2026-07-29T04:10:47.317043+00:00
bm-java-06,doc-maven-lifecycle-c016,3,official_documentation,java,build_failure,Apache Maven,human_approved,approved,project_owner_assisted_review,2026-07-29T04:10:47.317043+00:00
bm-java-06,doc-maven-lifecycle-c030,3,official_documentation,java,build_failure,Apache Maven,human_approved,approved,project_owner_assisted_review,2026-07-29T04:10:47.317043+00:00
bm-java-06,doc-maven-lifecycle-c033,3,official_documentation,java,build_failure,Apache Maven,human_approved,approved,project_owner_assisted_review,2026-07-29T04:10:47.317043+00:00
bm-java-06,kn-gh-actions-setup-java-1085-c000,3,research_knowledge,java,build_failure,,human_approved,approved,project_owner_assisted_review,2026-07-29T04:10:47.317043+00:00
bm-java-06,kn-gh-actions-setup-java-1085-c001,3,research_knowledge,java,build_failure,,human_approved,approved,project_owner_assisted_review,2026-07-29T04:10:47.317043+00:00
bm-java-06,kn-gh-actions-setup-java-1095-c000,3,research_knowledge,java,build_failure,,human_approved,approved,project_owner_assisted_review,2026-07-29T04:10:47.317043+00:00
bm-java-06,kn-gh-actions-setup-java-1099-c001,3,research_knowledge,java,build_failure,,human_approved,approved,project_owner_assisted_review,2026-07-29T04:10:47.317043+00:00
bm-java-06,kn-gh-actions-setup-java-457-c000,3,research_knowledge,java,build_failure,,human_approved,approved,project_owner_assisted_review,2026-07-29T04:10:47.317043+00:00
bm-java-06,kn-gh-actions-setup-java-457-c001,3,research_knowledge,java,build_failure,,human_approved,approved,project_owner_assisted_review,2026-07-29T04:10:47.317043+00:00
bm-java-06,kn-gh-actions-setup-java-530-c001,3,research_knowledge,java,build_failure,,human_approved,approved,project_owner_assisted_review,2026-07-29T04:10:47.317043+00:00
bm-java-06,kn-gh-actions-setup-java-957-c000,3,research_knowledge,java,build_failure,,human_approved,approved,project_owner_assisted_review,2026-07-29T04:10:47.317043+00:00
bm-java-06,kn-gh-actions-setup-java-970-c000,3,research_knowledge,java,build_failure,,human_approved,approved,project_owner_assisted_review,2026-07-29T04:10:47.317043+00:00
bm-java-07,doc-gradle-java-projects-c000,3,official_documentation,java,build_failure,Gradle,human_approved,approved,project_owner_assisted_review,2026-07-29T04:10:47.317043+00:00
bm-java-07,doc-gradle-java-projects-c004,3,official_documentation,java,build_failure,Gradle,human_approved,approved,project_owner_assisted_review,2026-07-29T04:10:47.317043+00:00
bm-java-07,doc-gradle-java-projects-c007,3,official_documentation,java,build_failure,Gradle,human_approved,approved,project_owner_assisted_review,2026-07-29T04:10:47.317043+00:00
bm-java-07,doc-gradle-java-projects-c012,3,official_documentation,java,build_failure,Gradle,human_approved,approved,project_owner_assisted_review,2026-07-29T04:10:47.317043+00:00
bm-java-07,doc-gradle-java-projects-c013,3,official_documentation,java,build_failure,Gradle,human_approved,approved,project_owner_assisted_review,2026-07-29T04:10:47.317043+00:00
bm-java-07,doc-gradle-java-projects-c021,3,official_documentation,java,build_failure,Gradle,human_approved,approved,project_owner_assisted_review,2026-07-29T04:10:47.317043+00:00
bm-java-07,doc-gradle-java-projects-c022,3,official_documentation,java,build_failure,Gradle,human_approved,approved,project_owner_assisted_review,2026-07-29T04:10:47.317043+00:00
bm-java-07,doc-gradle-java-projects-c024,3,official_documentation,java,build_failure,Gradle,human_approved,approved,project_owner_assisted_review,2026-07-29T04:10:47.317043+00:00
bm-java-07,doc-gradle-java-projects-c029,3,official_documentation,java,build_failure,Gradle,human_approved,approved,project_owner_assisted_review,2026-07-29T04:10:47.317043+00:00
bm-java-07,doc-gradle-java-projects-c032,3,official_documentation,java,build_failure,Gradle,human_approved,approved,project_owner_assisted_review,2026-07-29T04:10:47.317043+00:00
bm-java-07,doc-gradle-java-projects-c033,3,official_documentation,java,build_failure,Gradle,human_approved,approved,project_owner_assisted_review,2026-07-29T04:10:47.317043+00:00
bm-java-07,doc-gradle-java-projects-c038,3,official_documentation,java,build_failure,Gradle,human_approved,approved,project_owner_assisted_review,2026-07-29T04:10:47.317043+00:00
bm-java-07,doc-gradle-java-projects-c042,3,official_documentation,java,build_failure,Gradle,human_approved,approved,project_owner_assisted_review,2026-07-29T04:10:47.317043+00:00
bm-java-07,doc-gradle-java-projects-c047,3,official_documentation,java,build_failure,Gradle,human_approved,approved,project_owner_assisted_review,2026-07-29T04:10:47.317043+00:00
bm-java-07,doc-gradle-java-projects-c053,3,official_documentation,java,build_failure,Gradle,human_approved,approved,project_owner_assisted_review,2026-07-29T04:10:47.317043+00:00
bm-java-07,doc-gradle-java-projects-c057,3,official_documentation,java,build_failure,Gradle,human_approved,approved,project_owner_assisted_review,2026-07-29T04:10:47.317043+00:00
bm-java-07,doc-gradle-java-projects-c068,3,official_documentation,java,build_failure,Gradle,human_approved,approved,project_owner_assisted_review,2026-07-29T04:10:47.317043+00:00
bm-java-07,kn-gh-actions-setup-java-754-c000,3,research_knowledge,java,build_failure,,human_approved,approved,project_owner_assisted_review,2026-07-29T04:10:47.317043+00:00
bm-java-08,kn-gh-actions-setup-java-1139-c000,2,research_knowledge,java,build_failure,,human_approved,approved,project_owner_assisted_review,2026-07-29T04:10:47.317043+00:00
bm-java-08,kn-gh-actions-setup-java-754-c000,2,research_knowledge,java,build_failure,,human_approved,approved,project_owner_assisted_review,2026-07-29T04:10:47.317043+00:00
bm-java-08,kn-gh-actions-setup-java-902-c000,2,research_knowledge,java,build_failure,,human_approved,approved,project_owner_assisted_review,2026-07-29T04:10:47.317043+00:00
bm-java-08,kn-gh-actions-setup-java-902-c001,2,research_knowledge,java,build_failure,,human_approved,approved,project_owner_assisted_review,2026-07-29T04:10:47.317043+00:00
bm-java-08,kn-gh-actions-setup-java-967-c000,2,research_knowledge,java,build_failure,,human_approved,approved,project_owner_assisted_review,2026-07-29T04:10:47.317043+00:00
bm-java-09,doc-gradle-java-projects-c065,3,official_documentation,java,build_failure,Gradle,human_approved,approved,project_owner_assisted_review,2026-07-29T04:10:47.317043+00:00
bm-java-09,doc-maven-lifecycle-c004,3,official_documentation,java,build_failure,Apache Maven,human_approved,approved,project_owner_assisted_review,2026-07-29T04:10:47.317043+00:00
bm-java-09,doc-maven-lifecycle-c033,3,official_documentation,java,build_failure,Apache Maven,human_approved,approved,project_owner_assisted_review,2026-07-29T04:10:47.317043+00:00
bm-java-09,kn-gh-actions-setup-java-1085-c000,3,research_knowledge,java,build_failure,,human_approved,approved,project_owner_assisted_review,2026-07-29T04:10:47.317043+00:00
bm-java-09,kn-gh-actions-setup-java-1095-c000,3,research_knowledge,java,build_failure,,human_approved,approved,project_owner_assisted_review,2026-07-29T04:10:47.317043+00:00
bm-java-09,kn-gh-actions-setup-java-1095-c001,3,research_knowledge,java,build_failure,,human_approved,approved,project_owner_assisted_review,2026-07-29T04:10:47.317043+00:00
bm-java-09,kn-gh-actions-setup-java-1099-c001,3,research_knowledge,java,build_failure,,human_approved,approved,project_owner_assisted_review,2026-07-29T04:10:47.317043+00:00
bm-java-09,kn-gh-actions-setup-java-457-c000,3,research_knowledge,java,build_failure,,human_approved,approved,project_owner_assisted_review,2026-07-29T04:10:47.317043+00:00
bm-java-09,kn-gh-actions-setup-java-457-c001,3,research_knowledge,java,build_failure,,human_approved,approved,project_owner_assisted_review,2026-07-29T04:10:47.317043+00:00
bm-java-09,kn-gh-actions-setup-java-530-c001,3,research_knowledge,java,build_failure,,human_approved,approved,project_owner_assisted_review,2026-07-29T04:10:47.317043+00:00
bm-java-09,kn-gh-actions-setup-java-855-c001,3,research_knowledge,java,build_failure,,human_approved,approved,project_owner_assisted_review,2026-07-29T04:10:47.317043+00:00
bm-java-09,kn-gh-actions-setup-java-902-c001,3,research_knowledge,java,build_failure,,human_approved,approved,project_owner_assisted_review,2026-07-29T04:10:47.317043+00:00
bm-java-09,kn-gh-actions-setup-java-957-c000,3,research_knowledge,java,build_failure,,human_approved,approved,project_owner_assisted_review,2026-07-29T04:10:47.317043+00:00
bm-java-09,kn-gh-actions-setup-java-963-c001,3,research_knowledge,java,build_failure,,human_approved,approved,project_owner_assisted_review,2026-07-29T04:10:47.317043+00:00
bm-java-09,kn-gh-actions-setup-java-970-c000,3,research_knowledge,java,build_failure,,human_approved,approved,project_owner_assisted_review,2026-07-29T04:10:47.317043+00:00
bm-java-10,doc-gradle-java-projects-c000,3,official_documentation,java,build_failure,Gradle,human_approved,approved,project_owner_assisted_review,2026-07-29T04:10:47.317043+00:00
bm-java-10,doc-gradle-java-projects-c026,3,official_documentation,java,build_failure,Gradle,human_approved,approved,project_owner_assisted_review,2026-07-29T04:10:47.317043+00:00
bm-java-10,doc-gradle-java-projects-c027,3,official_documentation,java,build_failure,Gradle,human_approved,approved,project_owner_assisted_review,2026-07-29T04:10:47.317043+00:00
bm-java-10,doc-gradle-java-projects-c029,3,official_documentation,java,build_failure,Gradle,human_approved,approved,project_owner_assisted_review,2026-07-29T04:10:47.317043+00:00
bm-java-10,doc-gradle-java-projects-c030,3,official_documentation,java,build_failure,Gradle,human_approved,approved,project_owner_assisted_review,2026-07-29T04:10:47.317043+00:00
bm-java-10,doc-gradle-java-projects-c031,3,official_documentation,java,build_failure,Gradle,human_approved,approved,project_owner_assisted_review,2026-07-29T04:10:47.317043+00:00
bm-java-10,doc-java-se-tools-c000,3,official_documentation,java,build_failure,OpenJDK,human_approved,approved,project_owner_assisted_review,2026-07-29T04:10:47.317043+00:00
bm-java-10,kn-gh-actions-setup-java-1004-c000,3,research_knowledge,java,build_failure,,human_approved,approved,project_owner_assisted_review,2026-07-29T04:10:47.317043+00:00
bm-java-10,kn-gh-actions-setup-java-1004-c001,3,research_knowledge,java,build_failure,,human_approved,approved,project_owner_assisted_review,2026-07-29T04:10:47.317043+00:00
bm-java-10,kn-gh-actions-setup-java-1011-c000,2,research_knowledge,java,configuration_failure,,human_approved,approved,project_owner_assisted_review,2026-07-29T04:10:47.317043+00:00
bm-java-10,kn-gh-actions-setup-java-1085-c000,3,research_knowledge,java,build_failure,,human_approved,approved,project_owner_assisted_review,2026-07-29T04:10:47.317043+00:00
bm-java-10,kn-gh-actions-setup-java-719-c002,2,research_knowledge,java,configuration_failure,,human_approved,approved,project_owner_assisted_review,2026-07-29T04:10:47.317043+00:00
bm-java-10,kn-gh-actions-setup-java-829-c000,2,research_knowledge,java,configuration_failure,,human_approved,approved,project_owner_assisted_review,2026-07-29T04:10:47.317043+00:00
bm-java-10,kn-gh-actions-setup-java-933-c001,2,research_knowledge,java,dependency_failure,,human_approved,approved,project_owner_assisted_review,2026-07-29T04:10:47.317043+00:00
bm-java-10,kn-gh-actions-setup-java-963-c000,3,research_knowledge,java,build_failure,,human_approved,approved,project_owner_assisted_review,2026-07-29T04:10:47.317043+00:00
bm-java-10,kn-gh-actions-setup-java-967-c000,3,research_knowledge,java,build_failure,,human_approved,approved,project_owner_assisted_review,2026-07-29T04:10:47.317043+00:00
bm-java-10,kn-gh-actions-setup-java-967-c003,3,research_knowledge,java,build_failure,,human_approved,approved,project_owner_assisted_review,2026-07-29T04:10:47.317043+00:00
bm-java-10,kn-gh-actions-setup-java-978-c000,2,research_knowledge,java,configuration_failure,,human_approved,approved,project_owner_assisted_review,2026-07-29T04:10:47.317043+00:00
bm-java-10,kn-gh-actions-setup-java-978-c001,2,research_knowledge,java,configuration_failure,,human_approved,approved,project_owner_assisted_review,2026-07-29T04:10:47.317043+00:00
bm-java-10,kn-gh-actions-setup-java-997-c000,2,research_knowledge,java,configuration_failure,,human_approved,approved,project_owner_assisted_review,2026-07-29T04:10:47.317043+00:00
bm-k8s-01,doc-k8s-images-c000,3,official_documentation,kubernetes,deployment_failure,Kubernetes,human_approved,approved,project_owner_assisted_review,2026-07-29T04:10:47.317043+00:00
bm-k8s-01,doc-k8s-images-c002,3,official_documentation,kubernetes,deployment_failure,Kubernetes,human_approved,approved,project_owner_assisted_review,2026-07-29T04:10:47.317043+00:00
bm-k8s-01,doc-k8s-images-c003,3,official_documentation,kubernetes,deployment_failure,Kubernetes,human_approved,approved,project_owner_assisted_review,2026-07-29T04:10:47.317043+00:00
bm-k8s-01,doc-k8s-images-c006,3,official_documentation,kubernetes,deployment_failure,Kubernetes,human_approved,approved,project_owner_assisted_review,2026-07-29T04:10:47.317043+00:00
bm-k8s-01,doc-k8s-images-c007,3,official_documentation,kubernetes,deployment_failure,Kubernetes,human_approved,approved,project_owner_assisted_review,2026-07-29T04:10:47.317043+00:00
bm-k8s-01,doc-k8s-images-c008,3,official_documentation,kubernetes,deployment_failure,Kubernetes,human_approved,approved,project_owner_assisted_review,2026-07-29T04:10:47.317043+00:00
bm-k8s-01,doc-k8s-images-c009,3,official_documentation,kubernetes,deployment_failure,Kubernetes,human_approved,approved,project_owner_assisted_review,2026-07-29T04:10:47.317043+00:00
bm-k8s-01,doc-k8s-images-c011,3,official_documentation,kubernetes,deployment_failure,Kubernetes,human_approved,approved,project_owner_assisted_review,2026-07-29T04:10:47.317043+00:00
bm-k8s-01,doc-k8s-images-c012,3,official_documentation,kubernetes,deployment_failure,Kubernetes,human_approved,approved,project_owner_assisted_review,2026-07-29T04:10:47.317043+00:00
bm-k8s-01,doc-k8s-images-c013,3,official_documentation,kubernetes,deployment_failure,Kubernetes,human_approved,approved,project_owner_assisted_review,2026-07-29T04:10:47.317043+00:00
bm-k8s-01,doc-k8s-images-c014,3,official_documentation,kubernetes,deployment_failure,Kubernetes,human_approved,approved,project_owner_assisted_review,2026-07-29T04:10:47.317043+00:00
bm-k8s-01,doc-k8s-images-c015,3,official_documentation,kubernetes,deployment_failure,Kubernetes,human_approved,approved,project_owner_assisted_review,2026-07-29T04:10:47.317043+00:00
bm-k8s-01,doc-k8s-images-c016,3,official_documentation,kubernetes,deployment_failure,Kubernetes,human_approved,approved,project_owner_assisted_review,2026-07-29T04:10:47.317043+00:00
bm-k8s-01,doc-k8s-images-c018,3,official_documentation,kubernetes,deployment_failure,Kubernetes,human_approved,approved,project_owner_assisted_review,2026-07-29T04:10:47.317043+00:00
bm-k8s-01,doc-k8s-images-c025,3,official_documentation,kubernetes,deployment_failure,Kubernetes,human_approved,approved,project_owner_assisted_review,2026-07-29T04:10:47.317043+00:00
bm-k8s-01,doc-k8s-images-c033,3,official_documentation,kubernetes,deployment_failure,Kubernetes,human_approved,approved,project_owner_assisted_review,2026-07-29T04:10:47.317043+00:00
bm-k8s-01,doc-k8s-images-c034,3,official_documentation,kubernetes,deployment_failure,Kubernetes,human_approved,approved,project_owner_assisted_review,2026-07-29T04:10:47.317043+00:00
bm-k8s-01,doc-k8s-images-c038,3,official_documentation,kubernetes,deployment_failure,Kubernetes,human_approved,approved,project_owner_assisted_review,2026-07-29T04:10:47.317043+00:00
bm-k8s-01,doc-k8s-images-c049,3,official_documentation,kubernetes,deployment_failure,Kubernetes,human_approved,approved,project_owner_assisted_review,2026-07-29T04:10:47.317043+00:00
bm-k8s-01,kn-gh-kubernetes-kubernetes-67250-c001,3,research_knowledge,kubernetes,deployment_failure,,human_approved,approved,project_owner_assisted_review,2026-07-29T04:10:47.317043+00:00
bm-k8s-02,doc-k8s-pod-lifecycle-c011,3,official_documentation,kubernetes,deployment_failure,Kubernetes,human_approved,approved,project_owner_assisted_review,2026-07-29T04:10:47.317043+00:00
bm-k8s-02,doc-k8s-pod-lifecycle-c017,3,official_documentation,kubernetes,deployment_failure,Kubernetes,human_approved,approved,project_owner_assisted_review,2026-07-29T04:10:47.317043+00:00
bm-k8s-02,doc-k8s-pod-lifecycle-c018,3,official_documentation,kubernetes,deployment_failure,Kubernetes,human_approved,approved,project_owner_assisted_review,2026-07-29T04:10:47.317043+00:00
bm-k8s-02,doc-k8s-pod-lifecycle-c021,3,official_documentation,kubernetes,deployment_failure,Kubernetes,human_approved,approved,project_owner_assisted_review,2026-07-29T04:10:47.317043+00:00
bm-k8s-02,doc-k8s-pod-lifecycle-c022,3,official_documentation,kubernetes,deployment_failure,Kubernetes,human_approved,approved,project_owner_assisted_review,2026-07-29T04:10:47.317043+00:00
bm-k8s-02,doc-k8s-pod-lifecycle-c023,3,official_documentation,kubernetes,deployment_failure,Kubernetes,human_approved,approved,project_owner_assisted_review,2026-07-29T04:10:47.317043+00:00
bm-k8s-02,doc-k8s-pod-lifecycle-c030,3,official_documentation,kubernetes,deployment_failure,Kubernetes,human_approved,approved,project_owner_assisted_review,2026-07-29T04:10:47.317043+00:00
bm-k8s-02,doc-k8s-pod-lifecycle-c031,3,official_documentation,kubernetes,deployment_failure,Kubernetes,human_approved,approved,project_owner_assisted_review,2026-07-29T04:10:47.317043+00:00
bm-k8s-02,doc-k8s-pod-lifecycle-c032,3,official_documentation,kubernetes,deployment_failure,Kubernetes,human_approved,approved,project_owner_assisted_review,2026-07-29T04:10:47.317043+00:00
bm-k8s-02,doc-k8s-pod-lifecycle-c037,3,official_documentation,kubernetes,deployment_failure,Kubernetes,human_approved,approved,project_owner_assisted_review,2026-07-29T04:10:47.317043+00:00
bm-k8s-02,doc-k8s-pod-lifecycle-c038,3,official_documentation,kubernetes,deployment_failure,Kubernetes,human_approved,approved,project_owner_assisted_review,2026-07-29T04:10:47.317043+00:00
bm-k8s-02,doc-k8s-pod-lifecycle-c043,3,official_documentation,kubernetes,deployment_failure,Kubernetes,human_approved,approved,project_owner_assisted_review,2026-07-29T04:10:47.317043+00:00
bm-k8s-02,doc-k8s-pod-lifecycle-c044,3,official_documentation,kubernetes,deployment_failure,Kubernetes,human_approved,approved,project_owner_assisted_review,2026-07-29T04:10:47.317043+00:00
bm-k8s-02,doc-k8s-pod-lifecycle-c082,3,official_documentation,kubernetes,deployment_failure,Kubernetes,human_approved,approved,project_owner_assisted_review,2026-07-29T04:10:47.317043+00:00
bm-k8s-02,doc-k8s-pod-lifecycle-c083,3,official_documentation,kubernetes,deployment_failure,Kubernetes,human_approved,approved,project_owner_assisted_review,2026-07-29T04:10:47.317043+00:00
bm-k8s-02,kn-gh-kubernetes-kubernetes-137710-c000,2,research_knowledge,kubernetes,docker_failure,,human_approved,approved,project_owner_assisted_review,2026-07-29T04:10:47.317043+00:00
bm-k8s-02,kn-gh-kubernetes-kubernetes-137895-c001,2,research_knowledge,kubernetes,docker_failure,,human_approved,approved,project_owner_assisted_review,2026-07-29T04:10:47.317043+00:00
bm-k8s-02,kn-gh-kubernetes-kubernetes-140881-c000,2,research_knowledge,kubernetes,docker_failure,,human_approved,approved,project_owner_assisted_review,2026-07-29T04:10:47.317043+00:00
bm-k8s-02,kn-gh-kubernetes-kubernetes-140906-c000,2,research_knowledge,kubernetes,docker_failure,,human_approved,approved,project_owner_assisted_review,2026-07-29T04:10:47.317043+00:00
bm-k8s-02,kn-gh-kubernetes-kubernetes-140989-c000,2,research_knowledge,kubernetes,docker_failure,,human_approved,approved,project_owner_assisted_review,2026-07-29T04:10:47.317043+00:00
bm-k8s-03,doc-k8s-images-c025,3,official_documentation,kubernetes,deployment_failure,Kubernetes,human_approved,approved,project_owner_assisted_review,2026-07-29T04:10:47.317043+00:00
bm-k8s-03,doc-k8s-images-c039,3,official_documentation,kubernetes,deployment_failure,Kubernetes,human_approved,approved,project_owner_assisted_review,2026-07-29T04:10:47.317043+00:00
bm-k8s-03,doc-k8s-images-c040,3,official_documentation,kubernetes,deployment_failure,Kubernetes,human_approved,approved,project_owner_assisted_review,2026-07-29T04:10:47.317043+00:00
bm-k8s-03,doc-k8s-images-c047,3,official_documentation,kubernetes,deployment_failure,Kubernetes,human_approved,approved,project_owner_assisted_review,2026-07-29T04:10:47.317043+00:00
bm-k8s-03,doc-k8s-pod-lifecycle-c049,3,official_documentation,kubernetes,deployment_failure,Kubernetes,human_approved,approved,project_owner_assisted_review,2026-07-29T04:10:47.317043+00:00
bm-k8s-03,kn-gh-kubernetes-kubernetes-119568-c000,2,research_knowledge,kubernetes,docker_failure,,human_approved,approved,project_owner_assisted_review,2026-07-29T04:10:47.317043+00:00
bm-k8s-03,kn-gh-kubernetes-kubernetes-119568-c001,2,research_knowledge,kubernetes,docker_failure,,human_approved,approved,project_owner_assisted_review,2026-07-29T04:10:47.317043+00:00
bm-k8s-03,kn-gh-kubernetes-kubernetes-119568-c002,2,research_knowledge,kubernetes,docker_failure,,human_approved,approved,project_owner_assisted_review,2026-07-29T04:10:47.317043+00:00
bm-k8s-03,kn-gh-kubernetes-kubernetes-129463-c000,2,research_knowledge,kubernetes,docker_failure,,human_approved,approved,project_owner_assisted_review,2026-07-29T04:10:47.317043+00:00
bm-k8s-03,kn-gh-kubernetes-kubernetes-131336-c000,2,research_knowledge,kubernetes,docker_failure,,human_approved,approved,project_owner_assisted_review,2026-07-29T04:10:47.317043+00:00
bm-k8s-03,kn-gh-kubernetes-kubernetes-135082-c000,2,research_knowledge,kubernetes,configuration_failure,,human_approved,approved,project_owner_assisted_review,2026-07-29T04:10:47.317043+00:00
bm-k8s-03,kn-gh-kubernetes-kubernetes-137895-c000,2,research_knowledge,kubernetes,docker_failure,,human_approved,approved,project_owner_assisted_review,2026-07-29T04:10:47.317043+00:00
bm-k8s-03,kn-gh-kubernetes-kubernetes-138525-c002,2,research_knowledge,kubernetes,docker_failure,,human_approved,approved,project_owner_assisted_review,2026-07-29T04:10:47.317043+00:00
bm-k8s-03,kn-gh-kubernetes-kubernetes-139996-c000,3,research_knowledge,kubernetes,deployment_failure,,human_approved,approved,project_owner_assisted_review,2026-07-29T04:10:47.317043+00:00
bm-k8s-03,kn-gh-kubernetes-kubernetes-140552-c000,2,research_knowledge,kubernetes,docker_failure,,human_approved,approved,project_owner_assisted_review,2026-07-29T04:10:47.317043+00:00
bm-k8s-03,kn-gh-kubernetes-kubernetes-140804-c000,2,research_knowledge,kubernetes,docker_failure,,human_approved,approved,project_owner_assisted_review,2026-07-29T04:10:47.317043+00:00
bm-k8s-03,kn-gh-kubernetes-kubernetes-140922-c000,2,research_knowledge,kubernetes,docker_failure,,human_approved,approved,project_owner_assisted_review,2026-07-29T04:10:47.317043+00:00
bm-k8s-03,kn-gh-kubernetes-kubernetes-140961-c000,2,research_knowledge,kubernetes,docker_failure,,human_approved,approved,project_owner_assisted_review,2026-07-29T04:10:47.317043+00:00
bm-k8s-03,kn-gh-kubernetes-kubernetes-140965-c000,3,research_knowledge,kubernetes,deployment_failure,,human_approved,approved,project_owner_assisted_review,2026-07-29T04:10:47.317043+00:00
bm-k8s-03,kn-gh-kubernetes-kubernetes-74560-c000,3,research_knowledge,kubernetes,deployment_failure,,human_approved,approved,project_owner_assisted_review,2026-07-29T04:10:47.317043+00:00
bm-k8s-04,doc-k8s-pod-lifecycle-c011,3,official_documentation,kubernetes,deployment_failure,Kubernetes,human_approved,approved,project_owner_assisted_review,2026-07-29T04:10:47.317043+00:00
bm-k8s-04,doc-k8s-pod-lifecycle-c015,2,official_documentation,kubernetes,deployment_failure,Kubernetes,human_approved,approved,project_owner_assisted_review,2026-07-29T04:10:47.317043+00:00
bm-k8s-04,doc-k8s-pod-lifecycle-c016,2,official_documentation,kubernetes,deployment_failure,Kubernetes,human_approved,approved,project_owner_assisted_review,2026-07-29T04:10:47.317043+00:00
bm-k8s-04,doc-k8s-pod-lifecycle-c038,2,official_documentation,kubernetes,deployment_failure,Kubernetes,human_approved,approved,project_owner_assisted_review,2026-07-29T04:10:47.317043+00:00
bm-k8s-04,doc-k8s-pod-lifecycle-c046,3,official_documentation,kubernetes,deployment_failure,Kubernetes,human_approved,approved,project_owner_assisted_review,2026-07-29T04:10:47.317043+00:00
bm-k8s-04,doc-k8s-pod-lifecycle-c049,3,official_documentation,kubernetes,deployment_failure,Kubernetes,human_approved,approved,project_owner_assisted_review,2026-07-29T04:10:47.317043+00:00
bm-k8s-04,doc-k8s-pod-lifecycle-c051,3,official_documentation,kubernetes,deployment_failure,Kubernetes,human_approved,approved,project_owner_assisted_review,2026-07-29T04:10:47.317043+00:00
bm-k8s-04,doc-k8s-pod-lifecycle-c052,3,official_documentation,kubernetes,deployment_failure,Kubernetes,human_approved,approved,project_owner_assisted_review,2026-07-29T04:10:47.317043+00:00
bm-k8s-04,doc-k8s-pod-lifecycle-c072,3,official_documentation,kubernetes,deployment_failure,Kubernetes,human_approved,approved,project_owner_assisted_review,2026-07-29T04:10:47.317043+00:00
bm-k8s-04,doc-k8s-pod-lifecycle-c087,3,official_documentation,kubernetes,deployment_failure,Kubernetes,human_approved,approved,project_owner_assisted_review,2026-07-29T04:10:47.317043+00:00
bm-k8s-04,kn-gh-kubernetes-kubernetes-123087-c002,2,research_knowledge,kubernetes,docker_failure,,human_approved,approved,project_owner_assisted_review,2026-07-29T04:10:47.317043+00:00
bm-k8s-04,kn-gh-kubernetes-kubernetes-129463-c000,2,research_knowledge,kubernetes,docker_failure,,human_approved,approved,project_owner_assisted_review,2026-07-29T04:10:47.317043+00:00
bm-k8s-04,kn-gh-kubernetes-kubernetes-137710-c000,1,research_knowledge,kubernetes,docker_failure,,human_approved,approved,project_owner_assisted_review,2026-07-29T04:10:47.317043+00:00
bm-k8s-04,kn-gh-kubernetes-kubernetes-137895-c000,1,research_knowledge,kubernetes,docker_failure,,human_approved,approved,project_owner_assisted_review,2026-07-29T04:10:47.317043+00:00
bm-k8s-04,kn-gh-kubernetes-kubernetes-137895-c001,2,research_knowledge,kubernetes,docker_failure,,human_approved,approved,project_owner_assisted_review,2026-07-29T04:10:47.317043+00:00
bm-k8s-04,kn-gh-kubernetes-kubernetes-138525-c002,2,research_knowledge,kubernetes,docker_failure,,human_approved,approved,project_owner_assisted_review,2026-07-29T04:10:47.317043+00:00
bm-k8s-04,kn-gh-kubernetes-kubernetes-139772-c000,1,research_knowledge,kubernetes,docker_failure,,human_approved,approved,project_owner_assisted_review,2026-07-29T04:10:47.317043+00:00
bm-k8s-04,kn-gh-kubernetes-kubernetes-140881-c000,1,research_knowledge,kubernetes,docker_failure,,human_approved,approved,project_owner_assisted_review,2026-07-29T04:10:47.317043+00:00
bm-k8s-04,kn-gh-kubernetes-kubernetes-140922-c000,1,research_knowledge,kubernetes,docker_failure,,human_approved,approved,project_owner_assisted_review,2026-07-29T04:10:47.317043+00:00
bm-k8s-04,kn-gh-kubernetes-kubernetes-140978-c000,1,research_knowledge,kubernetes,docker_failure,,human_approved,approved,project_owner_assisted_review,2026-07-29T04:10:47.317043+00:00
bm-k8s-05,doc-k8s-pod-lifecycle-c022,3,official_documentation,kubernetes,deployment_failure,Kubernetes,human_approved,approved,project_owner_assisted_review,2026-07-29T04:10:47.317043+00:00
bm-k8s-05,doc-k8s-pod-lifecycle-c046,2,official_documentation,kubernetes,deployment_failure,Kubernetes,human_approved,approved,project_owner_assisted_review,2026-07-29T04:10:47.317043+00:00
bm-k8s-05,doc-k8s-pod-lifecycle-c052,3,official_documentation,kubernetes,deployment_failure,Kubernetes,human_approved,approved,project_owner_assisted_review,2026-07-29T04:10:47.317043+00:00
bm-k8s-05,doc-k8s-pod-lifecycle-c053,3,official_documentation,kubernetes,deployment_failure,Kubernetes,human_approved,approved,project_owner_assisted_review,2026-07-29T04:10:47.317043+00:00
bm-k8s-05,doc-k8s-pod-lifecycle-c084,3,official_documentation,kubernetes,deployment_failure,Kubernetes,human_approved,approved,project_owner_assisted_review,2026-07-29T04:10:47.317043+00:00
bm-k8s-05,kn-gh-kubernetes-kubernetes-135127-c000,2,research_knowledge,kubernetes,docker_failure,,human_approved,approved,project_owner_assisted_review,2026-07-29T04:10:47.317043+00:00
bm-k8s-05,kn-gh-kubernetes-kubernetes-135127-c001,2,research_knowledge,kubernetes,docker_failure,,human_approved,approved,project_owner_assisted_review,2026-07-29T04:10:47.317043+00:00
bm-k8s-05,kn-gh-kubernetes-kubernetes-135127-c003,2,research_knowledge,kubernetes,docker_failure,,human_approved,approved,project_owner_assisted_review,2026-07-29T04:10:47.317043+00:00
bm-k8s-05,kn-gh-kubernetes-kubernetes-140984-c000,2,research_knowledge,kubernetes,docker_failure,,human_approved,approved,project_owner_assisted_review,2026-07-29T04:10:47.317043+00:00
bm-k8s-05,kn-gh-kubernetes-kubernetes-140984-c001,2,research_knowledge,kubernetes,docker_failure,,human_approved,approved,project_owner_assisted_review,2026-07-29T04:10:47.317043+00:00
bm-k8s-06,doc-k8s-pod-lifecycle-c060,3,official_documentation,kubernetes,deployment_failure,Kubernetes,human_approved,approved,project_owner_assisted_review,2026-07-29T04:10:47.317043+00:00
bm-k8s-06,doc-k8s-pod-lifecycle-c061,3,official_documentation,kubernetes,deployment_failure,Kubernetes,human_approved,approved,project_owner_assisted_review,2026-07-29T04:10:47.317043+00:00
bm-k8s-06,doc-k8s-pod-lifecycle-c087,3,official_documentation,kubernetes,deployment_failure,Kubernetes,human_approved,approved,project_owner_assisted_review,2026-07-29T04:10:47.317043+00:00
bm-k8s-06,kn-gh-kubernetes-kubernetes-129463-c000,1,research_knowledge,kubernetes,docker_failure,,human_approved,approved,project_owner_assisted_review,2026-07-29T04:10:47.317043+00:00
bm-k8s-06,kn-gh-kubernetes-kubernetes-137089-c000,1,research_knowledge,kubernetes,docker_failure,,human_approved,approved,project_owner_assisted_review,2026-07-29T04:10:47.317043+00:00
bm-k8s-06,kn-gh-kubernetes-kubernetes-137710-c000,1,research_knowledge,kubernetes,docker_failure,,human_approved,approved,project_owner_assisted_review,2026-07-29T04:10:47.317043+00:00
bm-k8s-06,kn-gh-kubernetes-kubernetes-137895-c000,1,research_knowledge,kubernetes,docker_failure,,human_approved,approved,project_owner_assisted_review,2026-07-29T04:10:47.317043+00:00
bm-k8s-06,kn-gh-kubernetes-kubernetes-137895-c001,1,research_knowledge,kubernetes,docker_failure,,human_approved,approved,project_owner_assisted_review,2026-07-29T04:10:47.317043+00:00
bm-k8s-06,kn-gh-kubernetes-kubernetes-137895-c003,1,research_knowledge,kubernetes,docker_failure,,human_approved,approved,project_owner_assisted_review,2026-07-29T04:10:47.317043+00:00
bm-k8s-06,kn-gh-kubernetes-kubernetes-138525-c002,2,research_knowledge,kubernetes,docker_failure,,human_approved,approved,project_owner_assisted_review,2026-07-29T04:10:47.317043+00:00
bm-k8s-06,kn-gh-kubernetes-kubernetes-139772-c000,1,research_knowledge,kubernetes,docker_failure,,human_approved,approved,project_owner_assisted_review,2026-07-29T04:10:47.317043+00:00
bm-k8s-06,kn-gh-kubernetes-kubernetes-140242-c001,2,research_knowledge,kubernetes,docker_failure,,human_approved,approved,project_owner_assisted_review,2026-07-29T04:10:47.317043+00:00
bm-k8s-06,kn-gh-kubernetes-kubernetes-140541-c000,1,research_knowledge,kubernetes,docker_failure,,human_approved,approved,project_owner_assisted_review,2026-07-29T04:10:47.317043+00:00
bm-k8s-06,kn-gh-kubernetes-kubernetes-140552-c000,1,research_knowledge,kubernetes,docker_failure,,human_approved,approved,project_owner_assisted_review,2026-07-29T04:10:47.317043+00:00
bm-k8s-06,kn-gh-kubernetes-kubernetes-140804-c000,1,research_knowledge,kubernetes,docker_failure,,human_approved,approved,project_owner_assisted_review,2026-07-29T04:10:47.317043+00:00
bm-k8s-06,kn-gh-kubernetes-kubernetes-140858-c000,2,research_knowledge,kubernetes,docker_failure,,human_approved,approved,project_owner_assisted_review,2026-07-29T04:10:47.317043+00:00
bm-k8s-06,kn-gh-kubernetes-kubernetes-140881-c000,2,research_knowledge,kubernetes,docker_failure,,human_approved,approved,project_owner_assisted_review,2026-07-29T04:10:47.317043+00:00
bm-k8s-06,kn-gh-kubernetes-kubernetes-140977-c000,2,research_knowledge,kubernetes,docker_failure,,human_approved,approved,project_owner_assisted_review,2026-07-29T04:10:47.317043+00:00
bm-k8s-06,kn-gh-kubernetes-kubernetes-140978-c000,1,research_knowledge,kubernetes,docker_failure,,human_approved,approved,project_owner_assisted_review,2026-07-29T04:10:47.317043+00:00
bm-k8s-06,kn-gh-kubernetes-kubernetes-67250-c000,3,research_knowledge,kubernetes,deployment_failure,,human_approved,approved,project_owner_assisted_review,2026-07-29T04:10:47.317043+00:00
bm-k8s-07,doc-k8s-pod-lifecycle-c049,3,official_documentation,kubernetes,deployment_failure,Kubernetes,human_approved,approved,project_owner_assisted_review,2026-07-29T04:10:47.317043+00:00
bm-k8s-07,doc-k8s-pod-lifecycle-c051,3,official_documentation,kubernetes,deployment_failure,Kubernetes,human_approved,approved,project_owner_assisted_review,2026-07-29T04:10:47.317043+00:00
bm-k8s-07,doc-k8s-pod-lifecycle-c087,3,official_documentation,kubernetes,deployment_failure,Kubernetes,human_approved,approved,project_owner_assisted_review,2026-07-29T04:10:47.317043+00:00
bm-k8s-07,kn-gh-kubernetes-kubernetes-119568-c000,1,research_knowledge,kubernetes,docker_failure,,human_approved,approved,project_owner_assisted_review,2026-07-29T04:10:47.317043+00:00
bm-k8s-07,kn-gh-kubernetes-kubernetes-119568-c002,1,research_knowledge,kubernetes,docker_failure,,human_approved,approved,project_owner_assisted_review,2026-07-29T04:10:47.317043+00:00
bm-k8s-07,kn-gh-kubernetes-kubernetes-129463-c000,2,research_knowledge,kubernetes,docker_failure,,human_approved,approved,project_owner_assisted_review,2026-07-29T04:10:47.317043+00:00
bm-k8s-07,kn-gh-kubernetes-kubernetes-129463-c003,2,research_knowledge,kubernetes,docker_failure,,human_approved,approved,project_owner_assisted_review,2026-07-29T04:10:47.317043+00:00
bm-k8s-07,kn-gh-kubernetes-kubernetes-131336-c000,1,research_knowledge,kubernetes,docker_failure,,human_approved,approved,project_owner_assisted_review,2026-07-29T04:10:47.317043+00:00
bm-k8s-07,kn-gh-kubernetes-kubernetes-137895-c001,2,research_knowledge,kubernetes,docker_failure,,human_approved,approved,project_owner_assisted_review,2026-07-29T04:10:47.317043+00:00
bm-k8s-07,kn-gh-kubernetes-kubernetes-138525-c002,2,research_knowledge,kubernetes,docker_failure,,human_approved,approved,project_owner_assisted_review,2026-07-29T04:10:47.317043+00:00
bm-k8s-07,kn-gh-kubernetes-kubernetes-139996-c000,3,research_knowledge,kubernetes,deployment_failure,,human_approved,approved,project_owner_assisted_review,2026-07-29T04:10:47.317043+00:00
bm-k8s-08,doc-k8s-images-c049,3,official_documentation,kubernetes,deployment_failure,Kubernetes,human_approved,approved,project_owner_assisted_review,2026-07-29T04:10:47.317043+00:00
bm-k8s-08,doc-k8s-pod-lifecycle-c087,3,official_documentation,kubernetes,deployment_failure,Kubernetes,human_approved,approved,project_owner_assisted_review,2026-07-29T04:10:47.317043+00:00
bm-k8s-08,kn-gh-kubernetes-kubernetes-139996-c000,3,research_knowledge,kubernetes,deployment_failure,,human_approved,approved,project_owner_assisted_review,2026-07-29T04:10:47.317043+00:00
bm-k8s-08,kn-gh-kubernetes-kubernetes-140901-c000,3,research_knowledge,kubernetes,deployment_failure,,human_approved,approved,project_owner_assisted_review,2026-07-29T04:10:47.317043+00:00
bm-k8s-08,kn-gh-kubernetes-kubernetes-140922-c000,2,research_knowledge,kubernetes,docker_failure,,human_approved,approved,project_owner_assisted_review,2026-07-29T04:10:47.317043+00:00
bm-k8s-08,kn-gh-kubernetes-kubernetes-140922-c001,1,research_knowledge,kubernetes,docker_failure,,human_approved,approved,project_owner_assisted_review,2026-07-29T04:10:47.317043+00:00
bm-k8s-08,kn-gh-kubernetes-kubernetes-74560-c000,3,research_knowledge,kubernetes,deployment_failure,,human_approved,approved,project_owner_assisted_review,2026-07-29T04:10:47.317043+00:00
bm-k8s-09,doc-k8s-pod-lifecycle-c044,3,official_documentation,kubernetes,deployment_failure,Kubernetes,human_approved,approved,project_owner_assisted_review,2026-07-29T04:10:47.317043+00:00
bm-k8s-09,kn-gh-kubernetes-kubernetes-123087-c001,2,research_knowledge,kubernetes,docker_failure,,human_approved,approved,project_owner_assisted_review,2026-07-29T04:10:47.317043+00:00
bm-k8s-09,kn-gh-kubernetes-kubernetes-123559-c000,2,research_knowledge,kubernetes,docker_failure,,human_approved,approved,project_owner_assisted_review,2026-07-29T04:10:47.317043+00:00
bm-k8s-09,kn-gh-kubernetes-kubernetes-135127-c000,2,research_knowledge,kubernetes,docker_failure,,human_approved,approved,project_owner_assisted_review,2026-07-29T04:10:47.317043+00:00
bm-k8s-09,kn-gh-kubernetes-kubernetes-137710-c000,2,research_knowledge,kubernetes,docker_failure,,human_approved,approved,project_owner_assisted_review,2026-07-29T04:10:47.317043+00:00
bm-k8s-09,kn-gh-kubernetes-kubernetes-138525-c002,2,research_knowledge,kubernetes,docker_failure,,human_approved,approved,project_owner_assisted_review,2026-07-29T04:10:47.317043+00:00
bm-k8s-09,kn-gh-kubernetes-kubernetes-139513-c000,2,research_knowledge,kubernetes,docker_failure,,human_approved,approved,project_owner_assisted_review,2026-07-29T04:10:47.317043+00:00
bm-k8s-09,kn-gh-kubernetes-kubernetes-139772-c000,2,research_knowledge,kubernetes,docker_failure,,human_approved,approved,project_owner_assisted_review,2026-07-29T04:10:47.317043+00:00
bm-k8s-09,kn-gh-kubernetes-kubernetes-139996-c000,3,research_knowledge,kubernetes,deployment_failure,,human_approved,approved,project_owner_assisted_review,2026-07-29T04:10:47.317043+00:00
bm-k8s-09,kn-gh-kubernetes-kubernetes-140242-c001,2,research_knowledge,kubernetes,docker_failure,,human_approved,approved,project_owner_assisted_review,2026-07-29T04:10:47.317043+00:00
bm-k8s-09,kn-gh-kubernetes-kubernetes-140541-c000,2,research_knowledge,kubernetes,docker_failure,,human_approved,approved,project_owner_assisted_review,2026-07-29T04:10:47.317043+00:00
bm-k8s-09,kn-gh-kubernetes-kubernetes-140804-c000,2,research_knowledge,kubernetes,docker_failure,,human_approved,approved,project_owner_assisted_review,2026-07-29T04:10:47.317043+00:00
bm-k8s-09,kn-gh-kubernetes-kubernetes-140839-c001,2,research_knowledge,kubernetes,docker_failure,,human_approved,approved,project_owner_assisted_review,2026-07-29T04:10:47.317043+00:00
bm-k8s-09,kn-gh-kubernetes-kubernetes-140881-c000,2,research_knowledge,kubernetes,docker_failure,,human_approved,approved,project_owner_assisted_review,2026-07-29T04:10:47.317043+00:00
bm-k8s-09,kn-gh-kubernetes-kubernetes-140901-c000,3,research_knowledge,kubernetes,deployment_failure,,human_approved,approved,project_owner_assisted_review,2026-07-29T04:10:47.317043+00:00
bm-k8s-09,kn-gh-kubernetes-kubernetes-140977-c000,2,research_knowledge,kubernetes,docker_failure,,human_approved,approved,project_owner_assisted_review,2026-07-29T04:10:47.317043+00:00
bm-k8s-09,kn-gh-kubernetes-kubernetes-140984-c000,2,research_knowledge,kubernetes,docker_failure,,human_approved,approved,project_owner_assisted_review,2026-07-29T04:10:47.317043+00:00
bm-k8s-09,kn-gh-kubernetes-kubernetes-67250-c000,3,research_knowledge,kubernetes,deployment_failure,,human_approved,approved,project_owner_assisted_review,2026-07-29T04:10:47.317043+00:00
bm-k8s-09,kn-gh-kubernetes-kubernetes-74560-c000,3,research_knowledge,kubernetes,deployment_failure,,human_approved,approved,project_owner_assisted_review,2026-07-29T04:10:47.317043+00:00
bm-k8s-10,doc-k8s-images-c025,2,official_documentation,kubernetes,deployment_failure,Kubernetes,human_approved,approved,project_owner_assisted_review,2026-07-29T04:10:47.317043+00:00
bm-k8s-10,doc-k8s-images-c028,3,official_documentation,kubernetes,deployment_failure,Kubernetes,human_approved,approved,project_owner_assisted_review,2026-07-29T04:10:47.317043+00:00
bm-k8s-10,doc-k8s-images-c033,2,official_documentation,kubernetes,deployment_failure,Kubernetes,human_approved,approved,project_owner_assisted_review,2026-07-29T04:10:47.317043+00:00
bm-k8s-10,doc-k8s-images-c034,3,official_documentation,kubernetes,deployment_failure,Kubernetes,human_approved,approved,project_owner_assisted_review,2026-07-29T04:10:47.317043+00:00
bm-k8s-10,doc-k8s-images-c039,2,official_documentation,kubernetes,deployment_failure,Kubernetes,human_approved,approved,project_owner_assisted_review,2026-07-29T04:10:47.317043+00:00
bm-k8s-10,doc-k8s-images-c047,2,official_documentation,kubernetes,deployment_failure,Kubernetes,human_approved,approved,project_owner_assisted_review,2026-07-29T04:10:47.317043+00:00
bm-k8s-10,doc-k8s-pod-lifecycle-c049,3,official_documentation,kubernetes,deployment_failure,Kubernetes,human_approved,approved,project_owner_assisted_review,2026-07-29T04:10:47.317043+00:00
bm-k8s-10,doc-k8s-pod-lifecycle-c087,2,official_documentation,kubernetes,deployment_failure,Kubernetes,human_approved,approved,project_owner_assisted_review,2026-07-29T04:10:47.317043+00:00
bm-k8s-10,kn-gh-kubernetes-kubernetes-119568-c001,2,research_knowledge,kubernetes,docker_failure,,human_approved,approved,project_owner_assisted_review,2026-07-29T04:10:47.317043+00:00
bm-k8s-10,kn-gh-kubernetes-kubernetes-139996-c000,2,research_knowledge,kubernetes,deployment_failure,,human_approved,approved,project_owner_assisted_review,2026-07-29T04:10:47.317043+00:00
bm-k8s-10,kn-gh-kubernetes-kubernetes-140376-c000,2,research_knowledge,kubernetes,docker_failure,,human_approved,approved,project_owner_assisted_review,2026-07-29T04:10:47.317043+00:00
bm-k8s-10,kn-gh-kubernetes-kubernetes-140376-c001,2,research_knowledge,kubernetes,docker_failure,,human_approved,approved,project_owner_assisted_review,2026-07-29T04:10:47.317043+00:00
bm-k8s-10,kn-gh-kubernetes-kubernetes-140376-c002,2,research_knowledge,kubernetes,docker_failure,,human_approved,approved,project_owner_assisted_review,2026-07-29T04:10:47.317043+00:00
bm-k8s-10,kn-gh-kubernetes-kubernetes-74560-c000,2,research_knowledge,kubernetes,deployment_failure,,human_approved,approved,project_owner_assisted_review,2026-07-29T04:10:47.317043+00:00
bm-net-01,kn-gh-actions-runner-1555-c000,3,research_knowledge,github_actions,network_failure,,human_approved,approved,project_owner_assisted_review,2026-07-29T04:10:47.317043+00:00
bm-net-01,kn-gh-actions-runner-3690-c000,3,research_knowledge,github_actions,network_failure,,human_approved,approved,project_owner_assisted_review,2026-07-29T04:10:47.317043+00:00
bm-net-01,kn-gh-actions-runner-3897-c000,3,research_knowledge,github_actions,network_failure,,human_approved,approved,project_owner_assisted_review,2026-07-29T04:10:47.317043+00:00
bm-net-01,kn-gh-actions-runner-3897-c001,2,research_knowledge,github_actions,network_failure,,human_approved,approved,project_owner_assisted_review,2026-07-29T04:10:47.317043+00:00
bm-net-02,kn-gh-actions-runner-3690-c000,2,research_knowledge,github_actions,network_failure,,human_approved,approved,project_owner_assisted_review,2026-07-29T04:10:47.317043+00:00
bm-net-02,kn-gh-actions-runner-3690-c001,2,research_knowledge,github_actions,network_failure,,human_approved,approved,project_owner_assisted_review,2026-07-29T04:10:47.317043+00:00
bm-net-02,kn-gh-actions-runner-3897-c001,2,research_knowledge,github_actions,network_failure,,human_approved,approved,project_owner_assisted_review,2026-07-29T04:10:47.317043+00:00
bm-net-02,kn-gh-actions-runner-4523-c001,2,research_knowledge,github_actions,network_failure,,human_approved,approved,project_owner_assisted_review,2026-07-29T04:10:47.317043+00:00
bm-net-02,kn-gh-kubernetes-kubernetes-140349-c002,2,research_knowledge,kubernetes,docker_failure,,human_approved,approved,project_owner_assisted_review,2026-07-29T04:10:47.317043+00:00
bm-net-03,doc-nodejs-errors-c411,2,official_documentation,node,dependency_failure,Node.js,human_approved,approved,project_owner_assisted_review,2026-07-29T04:10:47.317043+00:00
bm-net-04,doc-gha-workflow-syntax-c244,2,official_documentation,github_actions,configuration_failure,GitHub Actions,human_approved,approved,project_owner_assisted_review,2026-07-29T04:10:47.317043+00:00
bm-net-04,doc-k8s-images-c022,2,official_documentation,kubernetes,deployment_failure,Kubernetes,human_approved,approved,project_owner_assisted_review,2026-07-29T04:10:47.317043+00:00
bm-net-04,doc-k8s-images-c023,2,official_documentation,kubernetes,deployment_failure,Kubernetes,human_approved,approved,project_owner_assisted_review,2026-07-29T04:10:47.317043+00:00
bm-net-04,doc-k8s-images-c026,2,official_documentation,kubernetes,deployment_failure,Kubernetes,human_approved,approved,project_owner_assisted_review,2026-07-29T04:10:47.317043+00:00
bm-net-04,doc-k8s-images-c027,2,official_documentation,kubernetes,deployment_failure,Kubernetes,human_approved,approved,project_owner_assisted_review,2026-07-29T04:10:47.317043+00:00
bm-net-04,doc-k8s-images-c030,2,official_documentation,kubernetes,deployment_failure,Kubernetes,human_approved,approved,project_owner_assisted_review,2026-07-29T04:10:47.317043+00:00
bm-net-04,doc-k8s-images-c046,2,official_documentation,kubernetes,deployment_failure,Kubernetes,human_approved,approved,project_owner_assisted_review,2026-07-29T04:10:47.317043+00:00
bm-net-05,kn-gh-actions-setup-java-892-c001,2,research_knowledge,java,network_failure,,human_approved,approved,project_owner_assisted_review,2026-07-29T04:10:47.317043+00:00
bm-net-06,kn-gh-actions-runner-3690-c001,2,research_knowledge,github_actions,network_failure,,human_approved,approved,project_owner_assisted_review,2026-07-29T04:10:47.317043+00:00
bm-net-07,kn-gh-actions-runner-3897-c001,2,research_knowledge,github_actions,network_failure,,human_approved,approved,project_owner_assisted_review,2026-07-29T04:10:47.317043+00:00
bm-net-07,kn-gh-kubernetes-kubernetes-137089-c001,2,research_knowledge,kubernetes,docker_failure,,human_approved,approved,project_owner_assisted_review,2026-07-29T04:10:47.317043+00:00
bm-net-08,kn-gh-actions-cache-915-c001,2,research_knowledge,github_actions,configuration_failure,,human_approved,approved,project_owner_assisted_review,2026-07-29T04:10:47.317043+00:00
bm-net-08,kn-gh-actions-runner-2624-c001,2,research_knowledge,github_actions,configuration_failure,,human_approved,approved,project_owner_assisted_review,2026-07-29T04:10:47.317043+00:00
bm-net-08,kn-gh-actions-runner-3690-c000,3,research_knowledge,github_actions,network_failure,,human_approved,approved,project_owner_assisted_review,2026-07-29T04:10:47.317043+00:00
bm-net-08,kn-gh-actions-runner-3690-c001,3,research_knowledge,github_actions,network_failure,,human_approved,approved,project_owner_assisted_review,2026-07-29T04:10:47.317043+00:00
bm-net-08,kn-gh-actions-runner-3695-c001,2,research_knowledge,github_actions,configuration_failure,,human_approved,approved,project_owner_assisted_review,2026-07-29T04:10:47.317043+00:00
bm-net-08,kn-gh-actions-runner-4314-c001,2,research_knowledge,github_actions,configuration_failure,,human_approved,approved,project_owner_assisted_review,2026-07-29T04:10:47.317043+00:00
bm-net-09,kn-gh-kubernetes-kubernetes-138525-c001,2,research_knowledge,kubernetes,docker_failure,,human_approved,approved,project_owner_assisted_review,2026-07-29T04:10:47.317043+00:00
bm-net-10,kn-gh-actions-runner-2624-c000,2,research_knowledge,github_actions,configuration_failure,,human_approved,approved,project_owner_assisted_review,2026-07-29T04:10:47.317043+00:00
bm-net-10,kn-gh-actions-runner-2624-c001,2,research_knowledge,github_actions,configuration_failure,,human_approved,approved,project_owner_assisted_review,2026-07-29T04:10:47.317043+00:00
bm-net-10,kn-gh-actions-runner-3238-c001,2,research_knowledge,github_actions,configuration_failure,,human_approved,approved,project_owner_assisted_review,2026-07-29T04:10:47.317043+00:00
bm-net-10,kn-gh-actions-runner-3241-c000,3,research_knowledge,github_actions,network_failure,,human_approved,approved,project_owner_assisted_review,2026-07-29T04:10:47.317043+00:00
bm-net-10,kn-gh-actions-runner-3241-c001,3,research_knowledge,github_actions,network_failure,,human_approved,approved,project_owner_assisted_review,2026-07-29T04:10:47.317043+00:00
bm-net-10,kn-gh-actions-runner-3515-c000,2,research_knowledge,github_actions,configuration_failure,,human_approved,approved,project_owner_assisted_review,2026-07-29T04:10:47.317043+00:00
bm-net-10,kn-gh-actions-runner-3515-c001,2,research_knowledge,github_actions,configuration_failure,,human_approved,approved,project_owner_assisted_review,2026-07-29T04:10:47.317043+00:00
bm-net-10,kn-gh-actions-runner-3690-c000,3,research_knowledge,github_actions,network_failure,,human_approved,approved,project_owner_assisted_review,2026-07-29T04:10:47.317043+00:00
bm-net-10,kn-gh-actions-runner-3690-c001,3,research_knowledge,github_actions,network_failure,,human_approved,approved,project_owner_assisted_review,2026-07-29T04:10:47.317043+00:00
bm-net-10,kn-gh-actions-runner-3764-c001,2,research_knowledge,github_actions,configuration_failure,,human_approved,approved,project_owner_assisted_review,2026-07-29T04:10:47.317043+00:00
bm-net-10,kn-gh-actions-runner-3768-c001,2,research_knowledge,github_actions,docker_failure,,human_approved,approved,project_owner_assisted_review,2026-07-29T04:10:47.317043+00:00
bm-net-10,kn-gh-actions-runner-3897-c000,2,research_knowledge,github_actions,network_failure,,human_approved,approved,project_owner_assisted_review,2026-07-29T04:10:47.317043+00:00
bm-net-10,kn-gh-actions-runner-3897-c001,2,research_knowledge,github_actions,network_failure,,human_approved,approved,project_owner_assisted_review,2026-07-29T04:10:47.317043+00:00
bm-net-10,kn-gh-actions-runner-4312-c000,3,research_knowledge,github_actions,network_failure,,human_approved,approved,project_owner_assisted_review,2026-07-29T04:10:47.317043+00:00
bm-net-10,kn-gh-actions-runner-4314-c000,2,research_knowledge,github_actions,configuration_failure,,human_approved,approved,project_owner_assisted_review,2026-07-29T04:10:47.317043+00:00
bm-net-10,kn-gh-actions-runner-4314-c001,2,research_knowledge,github_actions,configuration_failure,,human_approved,approved,project_owner_assisted_review,2026-07-29T04:10:47.317043+00:00
bm-net-10,kn-gh-actions-runner-4523-c001,3,research_knowledge,github_actions,network_failure,,human_approved,approved,project_owner_assisted_review,2026-07-29T04:10:47.317043+00:00
bm-node-01,doc-nodejs-errors-c449,2,official_documentation,node,dependency_failure,Node.js,human_approved,approved,project_owner_assisted_review,2026-07-29T04:10:47.317043+00:00
bm-node-01,doc-nodejs-errors-c471,2,official_documentation,node,dependency_failure,Node.js,human_approved,approved,project_owner_assisted_review,2026-07-29T04:10:47.317043+00:00
bm-node-01,doc-nodejs-errors-c522,2,official_documentation,node,dependency_failure,Node.js,human_approved,approved,project_owner_assisted_review,2026-07-29T04:10:47.317043+00:00
bm-node-01,doc-npm-ci-c000,3,official_documentation,node,dependency_failure,npm,human_approved,approved,project_owner_assisted_review,2026-07-29T04:10:47.317043+00:00
bm-node-01,doc-npm-ci-c009,3,official_documentation,node,dependency_failure,npm,human_approved,approved,project_owner_assisted_review,2026-07-29T04:10:47.317043+00:00
bm-node-01,doc-npm-ci-c010,3,official_documentation,node,dependency_failure,npm,human_approved,approved,project_owner_assisted_review,2026-07-29T04:10:47.317043+00:00
bm-node-01,doc-npm-ci-c011,3,official_documentation,node,dependency_failure,npm,human_approved,approved,project_owner_assisted_review,2026-07-29T04:10:47.317043+00:00
bm-node-01,doc-npm-ci-c012,3,official_documentation,node,dependency_failure,npm,human_approved,approved,project_owner_assisted_review,2026-07-29T04:10:47.317043+00:00
bm-node-01,doc-npm-ci-c013,3,official_documentation,node,dependency_failure,npm,human_approved,approved,project_owner_assisted_review,2026-07-29T04:10:47.317043+00:00
bm-node-01,doc-npm-ci-c031,3,official_documentation,node,dependency_failure,npm,human_approved,approved,project_owner_assisted_review,2026-07-29T04:10:47.317043+00:00
bm-node-01,doc-npm-common-errors-c000,3,official_documentation,node,dependency_failure,npm,human_approved,approved,project_owner_assisted_review,2026-07-29T04:10:47.317043+00:00
bm-node-01,doc-npm-common-errors-c008,3,official_documentation,node,dependency_failure,npm,human_approved,approved,project_owner_assisted_review,2026-07-29T04:10:47.317043+00:00
bm-node-01,doc-npm-common-errors-c011,3,official_documentation,node,dependency_failure,npm,human_approved,approved,project_owner_assisted_review,2026-07-29T04:10:47.317043+00:00
bm-node-01,doc-npm-common-errors-c012,3,official_documentation,node,dependency_failure,npm,human_approved,approved,project_owner_assisted_review,2026-07-29T04:10:47.317043+00:00
bm-node-01,doc-npm-common-errors-c013,3,official_documentation,node,dependency_failure,npm,human_approved,approved,project_owner_assisted_review,2026-07-29T04:10:47.317043+00:00
bm-node-01,doc-npm-common-errors-c026,3,official_documentation,node,dependency_failure,npm,human_approved,approved,project_owner_assisted_review,2026-07-29T04:10:47.317043+00:00
bm-node-01,kn-gh-actions-setup-node-1297-c000,2,research_knowledge,node,configuration_failure,,human_approved,approved,project_owner_assisted_review,2026-07-29T04:10:47.317043+00:00
bm-node-01,kn-gh-actions-setup-node-1297-c002,2,research_knowledge,node,configuration_failure,,human_approved,approved,project_owner_assisted_review,2026-07-29T04:10:47.317043+00:00
bm-node-01,kn-gh-actions-setup-node-1410-c001,3,research_knowledge,node,dependency_failure,,human_approved,approved,project_owner_assisted_review,2026-07-29T04:10:47.317043+00:00
bm-node-02,doc-npm-ci-c000,3,official_documentation,node,dependency_failure,npm,human_approved,approved,project_owner_assisted_review,2026-07-29T04:10:47.317043+00:00
bm-node-02,doc-npm-ci-c008,3,official_documentation,node,dependency_failure,npm,human_approved,approved,project_owner_assisted_review,2026-07-29T04:10:47.317043+00:00
bm-node-02,doc-npm-ci-c011,3,official_documentation,node,dependency_failure,npm,human_approved,approved,project_owner_assisted_review,2026-07-29T04:10:47.317043+00:00
bm-node-02,doc-npm-ci-c012,3,official_documentation,node,dependency_failure,npm,human_approved,approved,project_owner_assisted_review,2026-07-29T04:10:47.317043+00:00
bm-node-02,doc-npm-ci-c013,3,official_documentation,node,dependency_failure,npm,human_approved,approved,project_owner_assisted_review,2026-07-29T04:10:47.317043+00:00
bm-node-02,doc-npm-ci-c031,3,official_documentation,node,dependency_failure,npm,human_approved,approved,project_owner_assisted_review,2026-07-29T04:10:47.317043+00:00
bm-node-02,doc-npm-common-errors-c008,3,official_documentation,node,dependency_failure,npm,human_approved,approved,project_owner_assisted_review,2026-07-29T04:10:47.317043+00:00
bm-node-02,doc-npm-common-errors-c011,3,official_documentation,node,dependency_failure,npm,human_approved,approved,project_owner_assisted_review,2026-07-29T04:10:47.317043+00:00
bm-node-02,doc-npm-common-errors-c012,3,official_documentation,node,dependency_failure,npm,human_approved,approved,project_owner_assisted_review,2026-07-29T04:10:47.317043+00:00
bm-node-02,doc-npm-common-errors-c022,3,official_documentation,node,dependency_failure,npm,human_approved,approved,project_owner_assisted_review,2026-07-29T04:10:47.317043+00:00
bm-node-02,doc-npm-common-errors-c026,3,official_documentation,node,dependency_failure,npm,human_approved,approved,project_owner_assisted_review,2026-07-29T04:10:47.317043+00:00
bm-node-02,doc-npm-common-errors-c028,3,official_documentation,node,dependency_failure,npm,human_approved,approved,project_owner_assisted_review,2026-07-29T04:10:47.317043+00:00
bm-node-02,doc-npm-common-errors-c029,3,official_documentation,node,dependency_failure,npm,human_approved,approved,project_owner_assisted_review,2026-07-29T04:10:47.317043+00:00
bm-node-02,kn-gh-actions-setup-node-1297-c000,1,research_knowledge,node,configuration_failure,,human_approved,approved,project_owner_assisted_review,2026-07-29T04:10:47.317043+00:00
bm-node-02,kn-gh-actions-setup-node-1297-c002,1,research_knowledge,node,configuration_failure,,human_approved,approved,project_owner_assisted_review,2026-07-29T04:10:47.317043+00:00
bm-node-02,kn-gh-actions-setup-node-1342-c001,3,research_knowledge,node,dependency_failure,,human_approved,approved,project_owner_assisted_review,2026-07-29T04:10:47.317043+00:00
bm-node-02,kn-gh-actions-setup-node-1410-c001,3,research_knowledge,node,dependency_failure,,human_approved,approved,project_owner_assisted_review,2026-07-29T04:10:47.317043+00:00
bm-node-03,doc-nodejs-errors-c342,3,official_documentation,node,dependency_failure,Node.js,human_approved,approved,project_owner_assisted_review,2026-07-29T04:10:47.317043+00:00
bm-node-03,doc-npm-ci-c000,3,official_documentation,node,dependency_failure,npm,human_approved,approved,project_owner_assisted_review,2026-07-29T04:10:47.317043+00:00
bm-node-03,doc-npm-common-errors-c000,3,official_documentation,node,dependency_failure,npm,human_approved,approved,project_owner_assisted_review,2026-07-29T04:10:47.317043+00:00
bm-node-03,doc-npm-common-errors-c008,3,official_documentation,node,dependency_failure,npm,human_approved,approved,project_owner_assisted_review,2026-07-29T04:10:47.317043+00:00
bm-node-03,doc-npm-common-errors-c011,3,official_documentation,node,dependency_failure,npm,human_approved,approved,project_owner_assisted_review,2026-07-29T04:10:47.317043+00:00
bm-node-03,doc-npm-common-errors-c012,3,official_documentation,node,dependency_failure,npm,human_approved,approved,project_owner_assisted_review,2026-07-29T04:10:47.317043+00:00
bm-node-03,doc-npm-common-errors-c013,3,official_documentation,node,dependency_failure,npm,human_approved,approved,project_owner_assisted_review,2026-07-29T04:10:47.317043+00:00
bm-node-03,doc-npm-common-errors-c022,3,official_documentation,node,dependency_failure,npm,human_approved,approved,project_owner_assisted_review,2026-07-29T04:10:47.317043+00:00
bm-node-03,doc-npm-common-errors-c025,3,official_documentation,node,dependency_failure,npm,human_approved,approved,project_owner_assisted_review,2026-07-29T04:10:47.317043+00:00
bm-node-03,doc-npm-common-errors-c026,3,official_documentation,node,dependency_failure,npm,human_approved,approved,project_owner_assisted_review,2026-07-29T04:10:47.317043+00:00
bm-node-03,kn-gh-actions-setup-node-1210-c000,2,research_knowledge,node,dependency_failure,,human_approved,approved,project_owner_assisted_review,2026-07-29T04:10:47.317043+00:00
bm-node-03,kn-gh-actions-setup-node-1357-c000,2,research_knowledge,node,dependency_failure,,human_approved,approved,project_owner_assisted_review,2026-07-29T04:10:47.317043+00:00
bm-node-03,kn-gh-actions-setup-node-1398-c000,2,research_knowledge,node,dependency_failure,,human_approved,approved,project_owner_assisted_review,2026-07-29T04:10:47.317043+00:00
bm-node-03,kn-gh-actions-setup-node-1410-c000,2,research_knowledge,node,dependency_failure,,human_approved,approved,project_owner_assisted_review,2026-07-29T04:10:47.317043+00:00
bm-node-03,kn-gh-actions-setup-node-1410-c001,3,research_knowledge,node,dependency_failure,,human_approved,approved,project_owner_assisted_review,2026-07-29T04:10:47.317043+00:00
bm-node-03,kn-gh-actions-setup-node-614-c000,2,research_knowledge,node,dependency_failure,,human_approved,approved,project_owner_assisted_review,2026-07-29T04:10:47.317043+00:00
bm-node-03,kn-gh-actions-setup-node-694-c000,3,research_knowledge,node,dependency_failure,,human_approved,approved,project_owner_assisted_review,2026-07-29T04:10:47.317043+00:00
bm-node-04,doc-nodejs-errors-c157,3,official_documentation,node,dependency_failure,Node.js,human_approved,approved,project_owner_assisted_review,2026-07-29T04:10:47.317043+00:00
bm-node-04,doc-nodejs-errors-c180,3,official_documentation,node,dependency_failure,Node.js,human_approved,approved,project_owner_assisted_review,2026-07-29T04:10:47.317043+00:00
bm-node-04,doc-nodejs-errors-c182,3,official_documentation,node,dependency_failure,Node.js,human_approved,approved,project_owner_assisted_review,2026-07-29T04:10:47.317043+00:00
bm-node-04,doc-nodejs-errors-c257,3,official_documentation,node,dependency_failure,Node.js,human_approved,approved,project_owner_assisted_review,2026-07-29T04:10:47.317043+00:00
bm-node-04,doc-nodejs-errors-c271,3,official_documentation,node,dependency_failure,Node.js,human_approved,approved,project_owner_assisted_review,2026-07-29T04:10:47.317043+00:00
bm-node-04,doc-nodejs-errors-c318,3,official_documentation,node,dependency_failure,Node.js,human_approved,approved,project_owner_assisted_review,2026-07-29T04:10:47.317043+00:00
bm-node-04,doc-nodejs-errors-c329,3,official_documentation,node,dependency_failure,Node.js,human_approved,approved,project_owner_assisted_review,2026-07-29T04:10:47.317043+00:00
bm-node-04,doc-nodejs-errors-c332,3,official_documentation,node,dependency_failure,Node.js,human_approved,approved,project_owner_assisted_review,2026-07-29T04:10:47.317043+00:00
bm-node-04,doc-nodejs-errors-c335,3,official_documentation,node,dependency_failure,Node.js,human_approved,approved,project_owner_assisted_review,2026-07-29T04:10:47.317043+00:00
bm-node-04,doc-nodejs-errors-c420,3,official_documentation,node,dependency_failure,Node.js,human_approved,approved,project_owner_assisted_review,2026-07-29T04:10:47.317043+00:00
bm-node-04,doc-nodejs-errors-c472,3,official_documentation,node,dependency_failure,Node.js,human_approved,approved,project_owner_assisted_review,2026-07-29T04:10:47.317043+00:00
bm-node-04,doc-nodejs-errors-c486,3,official_documentation,node,dependency_failure,Node.js,human_approved,approved,project_owner_assisted_review,2026-07-29T04:10:47.317043+00:00
bm-node-04,doc-nodejs-errors-c505,3,official_documentation,node,dependency_failure,Node.js,human_approved,approved,project_owner_assisted_review,2026-07-29T04:10:47.317043+00:00
bm-node-04,doc-nodejs-errors-c517,3,official_documentation,node,dependency_failure,Node.js,human_approved,approved,project_owner_assisted_review,2026-07-29T04:10:47.317043+00:00
bm-node-04,doc-nodejs-errors-c518,3,official_documentation,node,dependency_failure,Node.js,human_approved,approved,project_owner_assisted_review,2026-07-29T04:10:47.317043+00:00
bm-node-04,doc-npm-common-errors-c013,3,official_documentation,node,dependency_failure,npm,human_approved,approved,project_owner_assisted_review,2026-07-29T04:10:47.317043+00:00
bm-node-04,kn-gh-actions-setup-node-1341-c001,2,research_knowledge,node,configuration_failure,,human_approved,approved,project_owner_assisted_review,2026-07-29T04:10:47.317043+00:00
bm-node-04,kn-gh-actions-setup-node-1364-c001,2,research_knowledge,node,configuration_failure,,human_approved,approved,project_owner_assisted_review,2026-07-29T04:10:47.317043+00:00
bm-node-05,doc-nodejs-errors-c498,2,official_documentation,node,dependency_failure,Node.js,human_approved,approved,project_owner_assisted_review,2026-07-29T04:10:47.317043+00:00
bm-node-05,doc-npm-ci-c026,3,official_documentation,node,dependency_failure,npm,human_approved,approved,project_owner_assisted_review,2026-07-29T04:10:47.317043+00:00
bm-node-05,doc-npm-common-errors-c008,3,official_documentation,node,dependency_failure,npm,human_approved,approved,project_owner_assisted_review,2026-07-29T04:10:47.317043+00:00
bm-node-05,doc-npm-common-errors-c009,3,official_documentation,node,dependency_failure,npm,human_approved,approved,project_owner_assisted_review,2026-07-29T04:10:47.317043+00:00
bm-node-05,doc-npm-common-errors-c010,3,official_documentation,node,dependency_failure,npm,human_approved,approved,project_owner_assisted_review,2026-07-29T04:10:47.317043+00:00
bm-node-05,doc-npm-common-errors-c011,3,official_documentation,node,dependency_failure,npm,human_approved,approved,project_owner_assisted_review,2026-07-29T04:10:47.317043+00:00
bm-node-05,doc-npm-common-errors-c012,3,official_documentation,node,dependency_failure,npm,human_approved,approved,project_owner_assisted_review,2026-07-29T04:10:47.317043+00:00
bm-node-05,doc-npm-common-errors-c013,3,official_documentation,node,dependency_failure,npm,human_approved,approved,project_owner_assisted_review,2026-07-29T04:10:47.317043+00:00
bm-node-05,doc-npm-common-errors-c014,3,official_documentation,node,dependency_failure,npm,human_approved,approved,project_owner_assisted_review,2026-07-29T04:10:47.317043+00:00
bm-node-05,doc-npm-common-errors-c015,3,official_documentation,node,dependency_failure,npm,human_approved,approved,project_owner_assisted_review,2026-07-29T04:10:47.317043+00:00
bm-node-05,doc-npm-common-errors-c022,3,official_documentation,node,dependency_failure,npm,human_approved,approved,project_owner_assisted_review,2026-07-29T04:10:47.317043+00:00
bm-node-05,doc-npm-common-errors-c023,3,official_documentation,node,dependency_failure,npm,human_approved,approved,project_owner_assisted_review,2026-07-29T04:10:47.317043+00:00
bm-node-05,doc-npm-common-errors-c025,3,official_documentation,node,dependency_failure,npm,human_approved,approved,project_owner_assisted_review,2026-07-29T04:10:47.317043+00:00
bm-node-05,doc-npm-common-errors-c026,3,official_documentation,node,dependency_failure,npm,human_approved,approved,project_owner_assisted_review,2026-07-29T04:10:47.317043+00:00
bm-node-05,doc-npm-common-errors-c028,3,official_documentation,node,dependency_failure,npm,human_approved,approved,project_owner_assisted_review,2026-07-29T04:10:47.317043+00:00
bm-node-05,doc-npm-common-errors-c029,3,official_documentation,node,dependency_failure,npm,human_approved,approved,project_owner_assisted_review,2026-07-29T04:10:47.317043+00:00
bm-node-05,doc-npm-common-errors-c030,3,official_documentation,node,dependency_failure,npm,human_approved,approved,project_owner_assisted_review,2026-07-29T04:10:47.317043+00:00
bm-node-05,doc-npm-common-errors-c031,3,official_documentation,node,dependency_failure,npm,human_approved,approved,project_owner_assisted_review,2026-07-29T04:10:47.317043+00:00
bm-node-05,kn-gh-actions-setup-node-1342-c001,3,research_knowledge,node,dependency_failure,,human_approved,approved,project_owner_assisted_review,2026-07-29T04:10:47.317043+00:00
bm-node-06,doc-nodejs-errors-c088,2,official_documentation,node,dependency_failure,Node.js,human_approved,approved,project_owner_assisted_review,2026-07-29T04:10:47.317043+00:00
bm-node-06,doc-nodejs-errors-c180,2,official_documentation,node,dependency_failure,Node.js,human_approved,approved,project_owner_assisted_review,2026-07-29T04:10:47.317043+00:00
bm-node-06,doc-nodejs-errors-c268,2,official_documentation,node,dependency_failure,Node.js,human_approved,approved,project_owner_assisted_review,2026-07-29T04:10:47.317043+00:00
bm-node-06,doc-nodejs-errors-c318,2,official_documentation,node,dependency_failure,Node.js,human_approved,approved,project_owner_assisted_review,2026-07-29T04:10:47.317043+00:00
bm-node-06,doc-nodejs-errors-c340,3,official_documentation,node,dependency_failure,Node.js,human_approved,approved,project_owner_assisted_review,2026-07-29T04:10:47.317043+00:00
bm-node-06,doc-nodejs-errors-c341,3,official_documentation,node,dependency_failure,Node.js,human_approved,approved,project_owner_assisted_review,2026-07-29T04:10:47.317043+00:00
bm-node-06,doc-nodejs-errors-c351,2,official_documentation,node,dependency_failure,Node.js,human_approved,approved,project_owner_assisted_review,2026-07-29T04:10:47.317043+00:00
bm-node-06,doc-nodejs-errors-c435,2,official_documentation,node,dependency_failure,Node.js,human_approved,approved,project_owner_assisted_review,2026-07-29T04:10:47.317043+00:00
bm-node-06,doc-nodejs-errors-c438,3,official_documentation,node,dependency_failure,Node.js,human_approved,approved,project_owner_assisted_review,2026-07-29T04:10:47.317043+00:00
bm-node-06,doc-nodejs-errors-c486,2,official_documentation,node,dependency_failure,Node.js,human_approved,approved,project_owner_assisted_review,2026-07-29T04:10:47.317043+00:00
bm-node-06,kn-gh-actions-setup-node-1364-c001,2,research_knowledge,node,configuration_failure,,human_approved,approved,project_owner_assisted_review,2026-07-29T04:10:47.317043+00:00
bm-node-06,kn-gh-actions-setup-node-614-c000,2,research_knowledge,node,dependency_failure,,human_approved,approved,project_owner_assisted_review,2026-07-29T04:10:47.317043+00:00
bm-node-06,kn-gh-actions-setup-node-614-c001,2,research_knowledge,node,dependency_failure,,human_approved,approved,project_owner_assisted_review,2026-07-29T04:10:47.317043+00:00
bm-node-06,kn-gh-actions-setup-node-940-c001,3,research_knowledge,node,dependency_failure,,human_approved,approved,project_owner_assisted_review,2026-07-29T04:10:47.317043+00:00
bm-node-07,doc-npm-ci-c000,3,official_documentation,node,dependency_failure,npm,human_approved,approved,project_owner_assisted_review,2026-07-29T04:10:47.317043+00:00
bm-node-07,doc-npm-ci-c020,3,official_documentation,node,dependency_failure,npm,human_approved,approved,project_owner_assisted_review,2026-07-29T04:10:47.317043+00:00
bm-node-07,doc-npm-ci-c025,3,official_documentation,node,dependency_failure,npm,human_approved,approved,project_owner_assisted_review,2026-07-29T04:10:47.317043+00:00
bm-node-07,doc-npm-ci-c031,3,official_documentation,node,dependency_failure,npm,human_approved,approved,project_owner_assisted_review,2026-07-29T04:10:47.317043+00:00
bm-node-07,doc-npm-common-errors-c000,3,official_documentation,node,dependency_failure,npm,human_approved,approved,project_owner_assisted_review,2026-07-29T04:10:47.317043+00:00
bm-node-07,doc-npm-common-errors-c008,3,official_documentation,node,dependency_failure,npm,human_approved,approved,project_owner_assisted_review,2026-07-29T04:10:47.317043+00:00
bm-node-07,doc-npm-common-errors-c009,3,official_documentation,node,dependency_failure,npm,human_approved,approved,project_owner_assisted_review,2026-07-29T04:10:47.317043+00:00
bm-node-07,doc-npm-common-errors-c010,3,official_documentation,node,dependency_failure,npm,human_approved,approved,project_owner_assisted_review,2026-07-29T04:10:47.317043+00:00
bm-node-07,doc-npm-common-errors-c011,3,official_documentation,node,dependency_failure,npm,human_approved,approved,project_owner_assisted_review,2026-07-29T04:10:47.317043+00:00
bm-node-07,doc-npm-common-errors-c012,3,official_documentation,node,dependency_failure,npm,human_approved,approved,project_owner_assisted_review,2026-07-29T04:10:47.317043+00:00
bm-node-07,doc-npm-common-errors-c013,3,official_documentation,node,dependency_failure,npm,human_approved,approved,project_owner_assisted_review,2026-07-29T04:10:47.317043+00:00
bm-node-07,doc-npm-common-errors-c014,3,official_documentation,node,dependency_failure,npm,human_approved,approved,project_owner_assisted_review,2026-07-29T04:10:47.317043+00:00
bm-node-07,doc-npm-common-errors-c021,3,official_documentation,node,dependency_failure,npm,human_approved,approved,project_owner_assisted_review,2026-07-29T04:10:47.317043+00:00
bm-node-07,doc-npm-common-errors-c022,3,official_documentation,node,dependency_failure,npm,human_approved,approved,project_owner_assisted_review,2026-07-29T04:10:47.317043+00:00
bm-node-07,doc-npm-common-errors-c023,3,official_documentation,node,dependency_failure,npm,human_approved,approved,project_owner_assisted_review,2026-07-29T04:10:47.317043+00:00
bm-node-07,doc-npm-common-errors-c026,3,official_documentation,node,dependency_failure,npm,human_approved,approved,project_owner_assisted_review,2026-07-29T04:10:47.317043+00:00
bm-node-07,doc-npm-common-errors-c027,3,official_documentation,node,dependency_failure,npm,human_approved,approved,project_owner_assisted_review,2026-07-29T04:10:47.317043+00:00
bm-node-07,doc-npm-common-errors-c028,3,official_documentation,node,dependency_failure,npm,human_approved,approved,project_owner_assisted_review,2026-07-29T04:10:47.317043+00:00
bm-node-07,kn-gh-actions-setup-node-1364-c001,2,research_knowledge,node,configuration_failure,,human_approved,approved,project_owner_assisted_review,2026-07-29T04:10:47.317043+00:00
bm-node-08,doc-nodejs-errors-c005,2,official_documentation,node,dependency_failure,Node.js,human_approved,approved,project_owner_assisted_review,2026-07-29T04:10:47.317043+00:00
bm-node-08,doc-nodejs-errors-c073,2,official_documentation,node,dependency_failure,Node.js,human_approved,approved,project_owner_assisted_review,2026-07-29T04:10:47.317043+00:00
bm-node-08,doc-nodejs-errors-c093,2,official_documentation,node,dependency_failure,Node.js,human_approved,approved,project_owner_assisted_review,2026-07-29T04:10:47.317043+00:00
bm-node-08,doc-nodejs-errors-c312,2,official_documentation,node,dependency_failure,Node.js,human_approved,approved,project_owner_assisted_review,2026-07-29T04:10:47.317043+00:00
bm-node-08,doc-nodejs-errors-c318,2,official_documentation,node,dependency_failure,Node.js,human_approved,approved,project_owner_assisted_review,2026-07-29T04:10:47.317043+00:00
bm-node-08,doc-nodejs-errors-c329,2,official_documentation,node,dependency_failure,Node.js,human_approved,approved,project_owner_assisted_review,2026-07-29T04:10:47.317043+00:00
bm-node-08,doc-nodejs-errors-c429,2,official_documentation,node,dependency_failure,Node.js,human_approved,approved,project_owner_assisted_review,2026-07-29T04:10:47.317043+00:00
bm-node-08,doc-nodejs-errors-c560,2,official_documentation,node,dependency_failure,Node.js,human_approved,approved,project_owner_assisted_review,2026-07-29T04:10:47.317043+00:00
bm-node-08,doc-npm-common-errors-c011,2,official_documentation,node,dependency_failure,npm,human_approved,approved,project_owner_assisted_review,2026-07-29T04:10:47.317043+00:00
bm-node-08,doc-npm-common-errors-c016,3,official_documentation,node,dependency_failure,npm,human_approved,approved,project_owner_assisted_review,2026-07-29T04:10:47.317043+00:00
bm-node-08,doc-npm-common-errors-c026,2,official_documentation,node,dependency_failure,npm,human_approved,approved,project_owner_assisted_review,2026-07-29T04:10:47.317043+00:00
bm-node-08,doc-npm-common-errors-c027,2,official_documentation,node,dependency_failure,npm,human_approved,approved,project_owner_assisted_review,2026-07-29T04:10:47.317043+00:00
bm-node-08,doc-npm-common-errors-c029,2,official_documentation,node,dependency_failure,npm,human_approved,approved,project_owner_assisted_review,2026-07-29T04:10:47.317043+00:00
bm-node-08,kn-gh-actions-setup-node-1027-c001,2,research_knowledge,node,dependency_failure,,human_approved,approved,project_owner_assisted_review,2026-07-29T04:10:47.317043+00:00
bm-node-08,kn-gh-actions-setup-node-1299-c001,2,research_knowledge,node,configuration_failure,,human_approved,approved,project_owner_assisted_review,2026-07-29T04:10:47.317043+00:00
bm-node-08,kn-gh-actions-setup-node-1333-c001,2,research_knowledge,node,dependency_failure,,human_approved,approved,project_owner_assisted_review,2026-07-29T04:10:47.317043+00:00
bm-node-09,doc-nodejs-errors-c104,2,official_documentation,node,dependency_failure,Node.js,human_approved,approved,project_owner_assisted_review,2026-07-29T04:10:47.317043+00:00
bm-node-09,doc-npm-ci-c000,3,official_documentation,node,dependency_failure,npm,human_approved,approved,project_owner_assisted_review,2026-07-29T04:10:47.317043+00:00
bm-node-09,doc-npm-common-errors-c008,3,official_documentation,node,dependency_failure,npm,human_approved,approved,project_owner_assisted_review,2026-07-29T04:10:47.317043+00:00
bm-node-09,doc-npm-common-errors-c011,3,official_documentation,node,dependency_failure,npm,human_approved,approved,project_owner_assisted_review,2026-07-29T04:10:47.317043+00:00
bm-node-09,doc-npm-common-errors-c012,3,official_documentation,node,dependency_failure,npm,human_approved,approved,project_owner_assisted_review,2026-07-29T04:10:47.317043+00:00
bm-node-09,doc-npm-common-errors-c013,3,official_documentation,node,dependency_failure,npm,human_approved,approved,project_owner_assisted_review,2026-07-29T04:10:47.317043+00:00
bm-node-09,doc-npm-common-errors-c014,3,official_documentation,node,dependency_failure,npm,human_approved,approved,project_owner_assisted_review,2026-07-29T04:10:47.317043+00:00
bm-node-09,doc-npm-common-errors-c021,3,official_documentation,node,dependency_failure,npm,human_approved,approved,project_owner_assisted_review,2026-07-29T04:10:47.317043+00:00
bm-node-09,doc-npm-common-errors-c022,3,official_documentation,node,dependency_failure,npm,human_approved,approved,project_owner_assisted_review,2026-07-29T04:10:47.317043+00:00
bm-node-09,doc-npm-common-errors-c023,3,official_documentation,node,dependency_failure,npm,human_approved,approved,project_owner_assisted_review,2026-07-29T04:10:47.317043+00:00
bm-node-09,doc-npm-common-errors-c026,3,official_documentation,node,dependency_failure,npm,human_approved,approved,project_owner_assisted_review,2026-07-29T04:10:47.317043+00:00
bm-node-09,doc-npm-common-errors-c028,3,official_documentation,node,dependency_failure,npm,human_approved,approved,project_owner_assisted_review,2026-07-29T04:10:47.317043+00:00
bm-node-09,doc-npm-common-errors-c029,3,official_documentation,node,dependency_failure,npm,human_approved,approved,project_owner_assisted_review,2026-07-29T04:10:47.317043+00:00
bm-node-09,kn-gh-actions-setup-node-1342-c000,3,research_knowledge,node,dependency_failure,,human_approved,approved,project_owner_assisted_review,2026-07-29T04:10:47.317043+00:00
bm-node-09,kn-gh-actions-setup-node-1342-c001,3,research_knowledge,node,dependency_failure,,human_approved,approved,project_owner_assisted_review,2026-07-29T04:10:47.317043+00:00
bm-node-09,kn-gh-actions-setup-node-1409-c000,2,research_knowledge,node,aws_permission_failure,,human_approved,approved,project_owner_assisted_review,2026-07-29T04:10:47.317043+00:00
bm-node-10,doc-npm-ci-c011,3,official_documentation,node,dependency_failure,npm,human_approved,approved,project_owner_assisted_review,2026-07-29T04:10:47.317043+00:00
bm-node-10,doc-npm-ci-c012,3,official_documentation,node,dependency_failure,npm,human_approved,approved,project_owner_assisted_review,2026-07-29T04:10:47.317043+00:00
bm-node-10,doc-npm-ci-c031,3,official_documentation,node,dependency_failure,npm,human_approved,approved,project_owner_assisted_review,2026-07-29T04:10:47.317043+00:00
bm-node-10,doc-npm-common-errors-c011,3,official_documentation,node,dependency_failure,npm,human_approved,approved,project_owner_assisted_review,2026-07-29T04:10:47.317043+00:00
bm-node-10,doc-npm-common-errors-c026,3,official_documentation,node,dependency_failure,npm,human_approved,approved,project_owner_assisted_review,2026-07-29T04:10:47.317043+00:00
bm-node-10,doc-npm-common-errors-c027,3,official_documentation,node,dependency_failure,npm,human_approved,approved,project_owner_assisted_review,2026-07-29T04:10:47.317043+00:00
bm-node-10,doc-npm-common-errors-c029,3,official_documentation,node,dependency_failure,npm,human_approved,approved,project_owner_assisted_review,2026-07-29T04:10:47.317043+00:00
bm-node-10,kn-gh-actions-setup-node-1027-c001,3,research_knowledge,node,dependency_failure,,human_approved,approved,project_owner_assisted_review,2026-07-29T04:10:47.317043+00:00
bm-node-10,kn-gh-actions-setup-node-1297-c002,2,research_knowledge,node,configuration_failure,,human_approved,approved,project_owner_assisted_review,2026-07-29T04:10:47.317043+00:00
bm-node-10,kn-gh-actions-setup-node-1398-c001,3,research_knowledge,node,dependency_failure,,human_approved,approved,project_owner_assisted_review,2026-07-29T04:10:47.317043+00:00
bm-node-10,kn-gh-actions-setup-node-1425-c000,3,research_knowledge,node,dependency_failure,,human_approved,approved,project_owner_assisted_review,2026-07-29T04:10:47.317043+00:00
bm-node-10,kn-gh-actions-setup-node-1425-c001,3,research_knowledge,node,dependency_failure,,human_approved,approved,project_owner_assisted_review,2026-07-29T04:10:47.317043+00:00
bm-node-10,kn-gh-actions-setup-node-1534-c000,3,research_knowledge,node,dependency_failure,,human_approved,approved,project_owner_assisted_review,2026-07-29T04:10:47.317043+00:00
bm-node-10,kn-gh-actions-setup-node-1534-c001,3,research_knowledge,node,dependency_failure,,human_approved,approved,project_owner_assisted_review,2026-07-29T04:10:47.317043+00:00
bm-node-10,kn-gh-actions-setup-node-504-c001,3,research_knowledge,node,dependency_failure,,human_approved,approved,project_owner_assisted_review,2026-07-29T04:10:47.317043+00:00
bm-node-10,kn-gh-actions-setup-node-614-c001,3,research_knowledge,node,dependency_failure,,human_approved,approved,project_owner_assisted_review,2026-07-29T04:10:47.317043+00:00
bm-node-10,kn-gh-actions-setup-node-694-c001,3,research_knowledge,node,dependency_failure,,human_approved,approved,project_owner_assisted_review,2026-07-29T04:10:47.317043+00:00
bm-node-10,kn-gh-actions-setup-node-899-c000,3,research_knowledge,node,dependency_failure,,human_approved,approved,project_owner_assisted_review,2026-07-29T04:10:47.317043+00:00
bm-py-01,doc-python-installing-c000,2,official_documentation,python,dependency_failure,Python,human_approved,approved,project_owner_assisted_review,2026-07-29T04:10:47.317043+00:00
bm-py-01,doc-python-installing-c006,3,official_documentation,python,dependency_failure,Python,human_approved,approved,project_owner_assisted_review,2026-07-29T04:10:47.317043+00:00
bm-py-01,doc-python-installing-c007,3,official_documentation,python,dependency_failure,Python,human_approved,approved,project_owner_assisted_review,2026-07-29T04:10:47.317043+00:00
bm-py-01,doc-python-installing-c010,3,official_documentation,python,dependency_failure,Python,human_approved,approved,project_owner_assisted_review,2026-07-29T04:10:47.317043+00:00
bm-py-01,doc-python-installing-c011,3,official_documentation,python,dependency_failure,Python,human_approved,approved,project_owner_assisted_review,2026-07-29T04:10:47.317043+00:00
bm-py-01,doc-python-installing-c013,3,official_documentation,python,dependency_failure,Python,human_approved,approved,project_owner_assisted_review,2026-07-29T04:10:47.317043+00:00
bm-py-01,doc-python-installing-c014,3,official_documentation,python,dependency_failure,Python,human_approved,approved,project_owner_assisted_review,2026-07-29T04:10:47.317043+00:00
bm-py-01,doc-python-venv-c007,3,official_documentation,python,dependency_failure,Python,human_approved,approved,project_owner_assisted_review,2026-07-29T04:10:47.317043+00:00
bm-py-01,doc-python-venv-c008,3,official_documentation,python,dependency_failure,Python,human_approved,approved,project_owner_assisted_review,2026-07-29T04:10:47.317043+00:00
bm-py-01,doc-python-venv-c010,3,official_documentation,python,dependency_failure,Python,human_approved,approved,project_owner_assisted_review,2026-07-29T04:10:47.317043+00:00
bm-py-01,doc-python-venv-c015,3,official_documentation,python,dependency_failure,Python,human_approved,approved,project_owner_assisted_review,2026-07-29T04:10:47.317043+00:00
bm-py-01,doc-python-venv-c017,3,official_documentation,python,dependency_failure,Python,human_approved,approved,project_owner_assisted_review,2026-07-29T04:10:47.317043+00:00
bm-py-01,doc-python-venv-c023,3,official_documentation,python,dependency_failure,Python,human_approved,approved,project_owner_assisted_review,2026-07-29T04:10:47.317043+00:00
bm-py-01,doc-python-venv-c033,3,official_documentation,python,dependency_failure,Python,human_approved,approved,project_owner_assisted_review,2026-07-29T04:10:47.317043+00:00
bm-py-01,doc-python-venv-c034,3,official_documentation,python,dependency_failure,Python,human_approved,approved,project_owner_assisted_review,2026-07-29T04:10:47.317043+00:00
bm-py-01,doc-python-venv-c037,3,official_documentation,python,dependency_failure,Python,human_approved,approved,project_owner_assisted_review,2026-07-29T04:10:47.317043+00:00
bm-py-02,doc-python-installing-c002,3,official_documentation,python,dependency_failure,Python,human_approved,approved,project_owner_assisted_review,2026-07-29T04:10:47.317043+00:00
bm-py-02,doc-python-installing-c004,3,official_documentation,python,dependency_failure,Python,human_approved,approved,project_owner_assisted_review,2026-07-29T04:10:47.317043+00:00
bm-py-02,doc-python-installing-c007,3,official_documentation,python,dependency_failure,Python,human_approved,approved,project_owner_assisted_review,2026-07-29T04:10:47.317043+00:00
bm-py-02,doc-python-venv-c000,3,official_documentation,python,dependency_failure,Python,human_approved,approved,project_owner_assisted_review,2026-07-29T04:10:47.317043+00:00
bm-py-02,doc-python-venv-c002,3,official_documentation,python,dependency_failure,Python,human_approved,approved,project_owner_assisted_review,2026-07-29T04:10:47.317043+00:00
bm-py-02,doc-python-venv-c005,3,official_documentation,python,dependency_failure,Python,human_approved,approved,project_owner_assisted_review,2026-07-29T04:10:47.317043+00:00
bm-py-02,doc-python-venv-c006,3,official_documentation,python,dependency_failure,Python,human_approved,approved,project_owner_assisted_review,2026-07-29T04:10:47.317043+00:00
bm-py-02,doc-python-venv-c013,3,official_documentation,python,dependency_failure,Python,human_approved,approved,project_owner_assisted_review,2026-07-29T04:10:47.317043+00:00
bm-py-02,doc-python-venv-c019,3,official_documentation,python,dependency_failure,Python,human_approved,approved,project_owner_assisted_review,2026-07-29T04:10:47.317043+00:00
bm-py-02,doc-python-venv-c029,2,official_documentation,python,dependency_failure,Python,human_approved,approved,project_owner_assisted_review,2026-07-29T04:10:47.317043+00:00
bm-py-03,doc-nodejs-errors-c484,2,official_documentation,node,dependency_failure,Node.js,human_approved,approved,project_owner_assisted_review,2026-07-29T04:10:47.317043+00:00
bm-py-04,doc-nodejs-errors-c394,2,official_documentation,node,dependency_failure,Node.js,human_approved,approved,project_owner_assisted_review,2026-07-29T04:10:47.317043+00:00
bm-py-05,doc-python-installing-c000,3,official_documentation,python,dependency_failure,Python,human_approved,approved,project_owner_assisted_review,2026-07-29T04:10:47.317043+00:00
bm-py-05,doc-python-installing-c004,3,official_documentation,python,dependency_failure,Python,human_approved,approved,project_owner_assisted_review,2026-07-29T04:10:47.317043+00:00
bm-py-05,doc-python-installing-c006,3,official_documentation,python,dependency_failure,Python,human_approved,approved,project_owner_assisted_review,2026-07-29T04:10:47.317043+00:00
bm-py-05,doc-python-installing-c007,3,official_documentation,python,dependency_failure,Python,human_approved,approved,project_owner_assisted_review,2026-07-29T04:10:47.317043+00:00
bm-py-05,doc-python-installing-c010,3,official_documentation,python,dependency_failure,Python,human_approved,approved,project_owner_assisted_review,2026-07-29T04:10:47.317043+00:00
bm-py-05,doc-python-installing-c011,3,official_documentation,python,dependency_failure,Python,human_approved,approved,project_owner_assisted_review,2026-07-29T04:10:47.317043+00:00
bm-py-05,doc-python-installing-c013,3,official_documentation,python,dependency_failure,Python,human_approved,approved,project_owner_assisted_review,2026-07-29T04:10:47.317043+00:00
bm-py-05,doc-python-installing-c014,3,official_documentation,python,dependency_failure,Python,human_approved,approved,project_owner_assisted_review,2026-07-29T04:10:47.317043+00:00
bm-py-05,doc-python-installing-c015,3,official_documentation,python,dependency_failure,Python,human_approved,approved,project_owner_assisted_review,2026-07-29T04:10:47.317043+00:00
bm-py-05,doc-python-venv-c000,3,official_documentation,python,dependency_failure,Python,human_approved,approved,project_owner_assisted_review,2026-07-29T04:10:47.317043+00:00
bm-py-05,doc-python-venv-c007,3,official_documentation,python,dependency_failure,Python,human_approved,approved,project_owner_assisted_review,2026-07-29T04:10:47.317043+00:00
bm-py-05,doc-python-venv-c008,3,official_documentation,python,dependency_failure,Python,human_approved,approved,project_owner_assisted_review,2026-07-29T04:10:47.317043+00:00
bm-py-05,doc-python-venv-c009,3,official_documentation,python,dependency_failure,Python,human_approved,approved,project_owner_assisted_review,2026-07-29T04:10:47.317043+00:00
bm-py-05,doc-python-venv-c017,3,official_documentation,python,dependency_failure,Python,human_approved,approved,project_owner_assisted_review,2026-07-29T04:10:47.317043+00:00
bm-py-05,doc-python-venv-c018,3,official_documentation,python,dependency_failure,Python,human_approved,approved,project_owner_assisted_review,2026-07-29T04:10:47.317043+00:00
bm-py-05,doc-python-venv-c023,3,official_documentation,python,dependency_failure,Python,human_approved,approved,project_owner_assisted_review,2026-07-29T04:10:47.317043+00:00
bm-py-05,doc-python-venv-c033,2,official_documentation,python,dependency_failure,Python,human_approved,approved,project_owner_assisted_review,2026-07-29T04:10:47.317043+00:00
bm-py-06,doc-python-installing-c000,2,official_documentation,python,dependency_failure,Python,human_approved,approved,project_owner_assisted_review,2026-07-29T04:10:47.317043+00:00
bm-py-06,doc-python-installing-c004,3,official_documentation,python,dependency_failure,Python,human_approved,approved,project_owner_assisted_review,2026-07-29T04:10:47.317043+00:00
bm-py-06,doc-python-installing-c006,3,official_documentation,python,dependency_failure,Python,human_approved,approved,project_owner_assisted_review,2026-07-29T04:10:47.317043+00:00
bm-py-06,doc-python-installing-c007,3,official_documentation,python,dependency_failure,Python,human_approved,approved,project_owner_assisted_review,2026-07-29T04:10:47.317043+00:00
bm-py-06,doc-python-installing-c010,2,official_documentation,python,dependency_failure,Python,human_approved,approved,project_owner_assisted_review,2026-07-29T04:10:47.317043+00:00
bm-py-06,doc-python-installing-c011,2,official_documentation,python,dependency_failure,Python,human_approved,approved,project_owner_assisted_review,2026-07-29T04:10:47.317043+00:00
bm-py-06,doc-python-installing-c013,3,official_documentation,python,dependency_failure,Python,human_approved,approved,project_owner_assisted_review,2026-07-29T04:10:47.317043+00:00
bm-py-06,doc-python-installing-c014,2,official_documentation,python,dependency_failure,Python,human_approved,approved,project_owner_assisted_review,2026-07-29T04:10:47.317043+00:00
bm-py-06,doc-python-venv-c000,2,official_documentation,python,dependency_failure,Python,human_approved,approved,project_owner_assisted_review,2026-07-29T04:10:47.317043+00:00
bm-py-06,doc-python-venv-c007,3,official_documentation,python,dependency_failure,Python,human_approved,approved,project_owner_assisted_review,2026-07-29T04:10:47.317043+00:00
bm-py-06,doc-python-venv-c008,3,official_documentation,python,dependency_failure,Python,human_approved,approved,project_owner_assisted_review,2026-07-29T04:10:47.317043+00:00
bm-py-06,doc-python-venv-c017,2,official_documentation,python,dependency_failure,Python,human_approved,approved,project_owner_assisted_review,2026-07-29T04:10:47.317043+00:00
bm-py-06,doc-python-venv-c033,2,official_documentation,python,dependency_failure,Python,human_approved,approved,project_owner_assisted_review,2026-07-29T04:10:47.317043+00:00
bm-py-06,doc-python-venv-c037,3,official_documentation,python,dependency_failure,Python,human_approved,approved,project_owner_assisted_review,2026-07-29T04:10:47.317043+00:00
bm-py-07,doc-nodejs-errors-c289,2,official_documentation,node,dependency_failure,Node.js,human_approved,approved,project_owner_assisted_review,2026-07-29T04:10:47.317043+00:00
bm-py-08,doc-python-installing-c000,2,official_documentation,python,dependency_failure,Python,human_approved,approved,project_owner_assisted_review,2026-07-29T04:10:47.317043+00:00
bm-py-08,doc-python-installing-c002,2,official_documentation,python,dependency_failure,Python,human_approved,approved,project_owner_assisted_review,2026-07-29T04:10:47.317043+00:00
bm-py-08,doc-python-installing-c007,3,official_documentation,python,dependency_failure,Python,human_approved,approved,project_owner_assisted_review,2026-07-29T04:10:47.317043+00:00
bm-py-08,doc-python-installing-c010,2,official_documentation,python,dependency_failure,Python,human_approved,approved,project_owner_assisted_review,2026-07-29T04:10:47.317043+00:00
bm-py-08,doc-python-installing-c011,2,official_documentation,python,dependency_failure,Python,human_approved,approved,project_owner_assisted_review,2026-07-29T04:10:47.317043+00:00
bm-py-08,doc-python-installing-c013,3,official_documentation,python,dependency_failure,Python,human_approved,approved,project_owner_assisted_review,2026-07-29T04:10:47.317043+00:00
bm-py-08,doc-python-installing-c014,3,official_documentation,python,dependency_failure,Python,human_approved,approved,project_owner_assisted_review,2026-07-29T04:10:47.317043+00:00
bm-py-08,doc-python-installing-c015,3,official_documentation,python,dependency_failure,Python,human_approved,approved,project_owner_assisted_review,2026-07-29T04:10:47.317043+00:00
bm-py-08,doc-python-venv-c000,3,official_documentation,python,dependency_failure,Python,human_approved,approved,project_owner_assisted_review,2026-07-29T04:10:47.317043+00:00
bm-py-08,doc-python-venv-c002,2,official_documentation,python,dependency_failure,Python,human_approved,approved,project_owner_assisted_review,2026-07-29T04:10:47.317043+00:00
bm-py-08,doc-python-venv-c005,2,official_documentation,python,dependency_failure,Python,human_approved,approved,project_owner_assisted_review,2026-07-29T04:10:47.317043+00:00
bm-py-08,doc-python-venv-c007,3,official_documentation,python,dependency_failure,Python,human_approved,approved,project_owner_assisted_review,2026-07-29T04:10:47.317043+00:00
bm-py-08,doc-python-venv-c022,2,official_documentation,python,dependency_failure,Python,human_approved,approved,project_owner_assisted_review,2026-07-29T04:10:47.317043+00:00
bm-py-08,doc-python-venv-c023,2,official_documentation,python,dependency_failure,Python,human_approved,approved,project_owner_assisted_review,2026-07-29T04:10:47.317043+00:00
bm-py-09,doc-python-venv-c015,3,official_documentation,python,dependency_failure,Python,human_approved,approved,project_owner_assisted_review,2026-07-29T04:10:47.317043+00:00
bm-py-09,doc-python-venv-c016,3,official_documentation,python,dependency_failure,Python,human_approved,approved,project_owner_assisted_review,2026-07-29T04:10:47.317043+00:00
bm-py-09,doc-python-venv-c020,3,official_documentation,python,dependency_failure,Python,human_approved,approved,project_owner_assisted_review,2026-07-29T04:10:47.317043+00:00
bm-py-10,doc-nodejs-errors-c455,2,official_documentation,node,dependency_failure,Node.js,human_approved,approved,project_owner_assisted_review,2026-07-29T04:10:47.317043+00:00
bm-sec-01,doc-aws-iam-access-denied-c001,2,official_documentation,aws,aws_permission_failure,AWS,human_approved,approved,project_owner_assisted_review,2026-07-29T04:10:47.317043+00:00
bm-sec-01,doc-aws-iam-access-denied-c005,1,official_documentation,aws,aws_permission_failure,AWS,human_approved,approved,project_owner_assisted_review,2026-07-29T04:10:47.317043+00:00
bm-sec-01,doc-aws-iam-access-denied-c018,2,official_documentation,aws,aws_permission_failure,AWS,human_approved,approved,project_owner_assisted_review,2026-07-29T04:10:47.317043+00:00
bm-sec-01,doc-aws-iam-access-denied-c023,2,official_documentation,aws,aws_permission_failure,AWS,human_approved,approved,project_owner_assisted_review,2026-07-29T04:10:47.317043+00:00
bm-sec-01,doc-aws-iam-access-denied-c024,2,official_documentation,aws,aws_permission_failure,AWS,human_approved,approved,project_owner_assisted_review,2026-07-29T04:10:47.317043+00:00
bm-sec-01,doc-aws-iam-access-denied-c025,2,official_documentation,aws,aws_permission_failure,AWS,human_approved,approved,project_owner_assisted_review,2026-07-29T04:10:47.317043+00:00
bm-sec-01,doc-aws-iam-access-denied-c026,2,official_documentation,aws,aws_permission_failure,AWS,human_approved,approved,project_owner_assisted_review,2026-07-29T04:10:47.317043+00:00
bm-sec-01,doc-aws-iam-access-denied-c027,2,official_documentation,aws,aws_permission_failure,AWS,human_approved,approved,project_owner_assisted_review,2026-07-29T04:10:47.317043+00:00
bm-sec-01,doc-aws-iam-access-denied-c028,2,official_documentation,aws,aws_permission_failure,AWS,human_approved,approved,project_owner_assisted_review,2026-07-29T04:10:47.317043+00:00
bm-sec-01,doc-aws-iam-access-denied-c029,2,official_documentation,aws,aws_permission_failure,AWS,human_approved,approved,project_owner_assisted_review,2026-07-29T04:10:47.317043+00:00
bm-sec-01,doc-aws-iam-access-denied-c030,2,official_documentation,aws,aws_permission_failure,AWS,human_approved,approved,project_owner_assisted_review,2026-07-29T04:10:47.317043+00:00
bm-sec-01,doc-aws-iam-access-denied-c031,2,official_documentation,aws,aws_permission_failure,AWS,human_approved,approved,project_owner_assisted_review,2026-07-29T04:10:47.317043+00:00
bm-sec-01,doc-aws-iam-access-denied-c032,2,official_documentation,aws,aws_permission_failure,AWS,human_approved,approved,project_owner_assisted_review,2026-07-29T04:10:47.317043+00:00
bm-sec-01,doc-aws-iam-access-denied-c033,2,official_documentation,aws,aws_permission_failure,AWS,human_approved,approved,project_owner_assisted_review,2026-07-29T04:10:47.317043+00:00
bm-sec-01,doc-aws-iam-access-denied-c034,2,official_documentation,aws,aws_permission_failure,AWS,human_approved,approved,project_owner_assisted_review,2026-07-29T04:10:47.317043+00:00
bm-sec-01,doc-aws-iam-access-denied-c035,2,official_documentation,aws,aws_permission_failure,AWS,human_approved,approved,project_owner_assisted_review,2026-07-29T04:10:47.317043+00:00
bm-sec-01,doc-aws-iam-policies-c028,2,official_documentation,aws,aws_permission_failure,AWS,human_approved,approved,project_owner_assisted_review,2026-07-29T04:10:47.317043+00:00
bm-sec-01,doc-aws-iam-policies-c029,2,official_documentation,aws,aws_permission_failure,AWS,human_approved,approved,project_owner_assisted_review,2026-07-29T04:10:47.317043+00:00
bm-sec-01,doc-aws-iam-policies-c039,2,official_documentation,aws,aws_permission_failure,AWS,human_approved,approved,project_owner_assisted_review,2026-07-29T04:10:47.317043+00:00
bm-sec-01,doc-aws-iam-roles-c022,2,official_documentation,aws,aws_permission_failure,AWS,human_approved,approved,project_owner_assisted_review,2026-07-29T04:10:47.317043+00:00
bm-sec-02,doc-gha-workflow-syntax-c043,2,official_documentation,github_actions,configuration_failure,GitHub Actions,human_approved,approved,project_owner_assisted_review,2026-07-29T04:10:47.317043+00:00
bm-sec-02,doc-gha-workflow-syntax-c049,2,official_documentation,github_actions,configuration_failure,GitHub Actions,human_approved,approved,project_owner_assisted_review,2026-07-29T04:10:47.317043+00:00
bm-sec-02,doc-gha-workflow-syntax-c050,2,official_documentation,github_actions,configuration_failure,GitHub Actions,human_approved,approved,project_owner_assisted_review,2026-07-29T04:10:47.317043+00:00
bm-sec-02,doc-gha-workflow-syntax-c075,2,official_documentation,github_actions,configuration_failure,GitHub Actions,human_approved,approved,project_owner_assisted_review,2026-07-29T04:10:47.317043+00:00
bm-sec-02,doc-gha-workflow-syntax-c151,2,official_documentation,github_actions,configuration_failure,GitHub Actions,human_approved,approved,project_owner_assisted_review,2026-07-29T04:10:47.317043+00:00
bm-sec-02,doc-gha-workflow-syntax-c152,2,official_documentation,github_actions,configuration_failure,GitHub Actions,human_approved,approved,project_owner_assisted_review,2026-07-29T04:10:47.317043+00:00
bm-sec-02,doc-gha-workflow-syntax-c172,2,official_documentation,github_actions,configuration_failure,GitHub Actions,human_approved,approved,project_owner_assisted_review,2026-07-29T04:10:47.317043+00:00
bm-sec-02,doc-gha-workflow-syntax-c174,2,official_documentation,github_actions,configuration_failure,GitHub Actions,human_approved,approved,project_owner_assisted_review,2026-07-29T04:10:47.317043+00:00
bm-sec-02,doc-gha-workflow-syntax-c184,2,official_documentation,github_actions,configuration_failure,GitHub Actions,human_approved,approved,project_owner_assisted_review,2026-07-29T04:10:47.317043+00:00
bm-sec-02,doc-gha-workflow-syntax-c185,2,official_documentation,github_actions,configuration_failure,GitHub Actions,human_approved,approved,project_owner_assisted_review,2026-07-29T04:10:47.317043+00:00
bm-sec-02,doc-gha-workflow-syntax-c272,2,official_documentation,github_actions,configuration_failure,GitHub Actions,human_approved,approved,project_owner_assisted_review,2026-07-29T04:10:47.317043+00:00
bm-sec-02,doc-gha-workflow-syntax-c273,2,official_documentation,github_actions,configuration_failure,GitHub Actions,human_approved,approved,project_owner_assisted_review,2026-07-29T04:10:47.317043+00:00
bm-sec-02,doc-gha-workflow-syntax-c274,2,official_documentation,github_actions,configuration_failure,GitHub Actions,human_approved,approved,project_owner_assisted_review,2026-07-29T04:10:47.317043+00:00
bm-sec-02,doc-gha-workflow-syntax-c275,2,official_documentation,github_actions,configuration_failure,GitHub Actions,human_approved,approved,project_owner_assisted_review,2026-07-29T04:10:47.317043+00:00
bm-sec-02,kn-gh-actions-runner-3537-c001,2,research_knowledge,github_actions,configuration_failure,,human_approved,approved,project_owner_assisted_review,2026-07-29T04:10:47.317043+00:00
bm-sec-02,kn-gh-actions-runner-4531-c000,3,research_knowledge,github_actions,security_misconfiguration,,human_approved,approved,project_owner_assisted_review,2026-07-29T04:10:47.317043+00:00
bm-sec-02,kn-gh-actions-runner-4531-c001,3,research_knowledge,github_actions,security_misconfiguration,,human_approved,approved,project_owner_assisted_review,2026-07-29T04:10:47.317043+00:00
bm-sec-03,doc-terraform-resources-c039,2,official_documentation,terraform,terraform_failure,Terraform,human_approved,approved,project_owner_assisted_review,2026-07-29T04:10:47.317043+00:00
bm-sec-03,doc-terraform-resources-c042,2,official_documentation,terraform,terraform_failure,Terraform,human_approved,approved,project_owner_assisted_review,2026-07-29T04:10:47.317043+00:00
bm-sec-03,doc-terraform-resources-c044,2,official_documentation,terraform,terraform_failure,Terraform,human_approved,approved,project_owner_assisted_review,2026-07-29T04:10:47.317043+00:00
bm-sec-03,kn-gh-actions-runner-4500-c002,3,research_knowledge,github_actions,security_misconfiguration,,human_approved,approved,project_owner_assisted_review,2026-07-29T04:10:47.317043+00:00
bm-sec-03,kn-gh-actions-runner-4500-c003,2,research_knowledge,github_actions,security_misconfiguration,,human_approved,approved,project_owner_assisted_review,2026-07-29T04:10:47.317043+00:00
bm-sec-04,kn-gh-hashicorp-terraform-38480-c002,1,research_knowledge,terraform,terraform_failure,,human_approved,approved,project_owner_assisted_review,2026-07-29T04:10:47.317043+00:00
bm-sec-04,kn-gh-kubernetes-kubernetes-119568-c002,2,research_knowledge,kubernetes,docker_failure,,human_approved,approved,project_owner_assisted_review,2026-07-29T04:10:47.317043+00:00
bm-sec-04,kn-gh-kubernetes-kubernetes-131336-c001,2,research_knowledge,kubernetes,docker_failure,,human_approved,approved,project_owner_assisted_review,2026-07-29T04:10:47.317043+00:00
bm-sec-05,doc-aws-iam-access-denied-c018,2,official_documentation,aws,aws_permission_failure,AWS,human_approved,approved,project_owner_assisted_review,2026-07-29T04:10:47.317043+00:00
bm-sec-05,doc-aws-iam-access-denied-c020,2,official_documentation,aws,aws_permission_failure,AWS,human_approved,approved,project_owner_assisted_review,2026-07-29T04:10:47.317043+00:00
bm-sec-05,doc-aws-iam-access-denied-c031,2,official_documentation,aws,aws_permission_failure,AWS,human_approved,approved,project_owner_assisted_review,2026-07-29T04:10:47.317043+00:00
bm-sec-05,doc-aws-iam-access-denied-c032,2,official_documentation,aws,aws_permission_failure,AWS,human_approved,approved,project_owner_assisted_review,2026-07-29T04:10:47.317043+00:00
bm-sec-05,doc-aws-iam-access-denied-c033,2,official_documentation,aws,aws_permission_failure,AWS,human_approved,approved,project_owner_assisted_review,2026-07-29T04:10:47.317043+00:00
bm-sec-05,doc-aws-iam-access-denied-c034,2,official_documentation,aws,aws_permission_failure,AWS,human_approved,approved,project_owner_assisted_review,2026-07-29T04:10:47.317043+00:00
bm-sec-05,doc-aws-iam-policies-c010,2,official_documentation,aws,aws_permission_failure,AWS,human_approved,approved,project_owner_assisted_review,2026-07-29T04:10:47.317043+00:00
bm-sec-05,doc-aws-iam-policies-c028,2,official_documentation,aws,aws_permission_failure,AWS,human_approved,approved,project_owner_assisted_review,2026-07-29T04:10:47.317043+00:00
bm-sec-05,doc-aws-iam-roles-c017,2,official_documentation,aws,aws_permission_failure,AWS,human_approved,approved,project_owner_assisted_review,2026-07-29T04:10:47.317043+00:00
bm-sec-05,doc-aws-iam-roles-c021,2,official_documentation,aws,aws_permission_failure,AWS,human_approved,approved,project_owner_assisted_review,2026-07-29T04:10:47.317043+00:00
bm-sec-05,doc-aws-sts-assume-role-c004,2,official_documentation,aws,aws_permission_failure,AWS,human_approved,approved,project_owner_assisted_review,2026-07-29T04:10:47.317043+00:00
bm-sec-05,doc-aws-sts-assume-role-c024,2,official_documentation,aws,aws_permission_failure,AWS,human_approved,approved,project_owner_assisted_review,2026-07-29T04:10:47.317043+00:00
bm-sec-05,doc-aws-sts-assume-role-c029,2,official_documentation,aws,aws_permission_failure,AWS,human_approved,approved,project_owner_assisted_review,2026-07-29T04:10:47.317043+00:00
bm-sec-05,kn-gh-hashicorp-terraform-29656-c000,2,research_knowledge,terraform,aws_permission_failure,,human_approved,approved,project_owner_assisted_review,2026-07-29T04:10:47.317043+00:00
bm-sec-05,kn-gh-hashicorp-terraform-provider-aws-34244-c000,2,research_knowledge,aws,terraform_failure,,human_approved,approved,project_owner_assisted_review,2026-07-29T04:10:47.317043+00:00
bm-sec-05,kn-gh-hashicorp-terraform-provider-aws-34244-c001,2,research_knowledge,aws,terraform_failure,,human_approved,approved,project_owner_assisted_review,2026-07-29T04:10:47.317043+00:00
bm-sec-05,kn-gh-hashicorp-terraform-provider-aws-34244-c002,2,research_knowledge,aws,terraform_failure,,human_approved,approved,project_owner_assisted_review,2026-07-29T04:10:47.317043+00:00
bm-sec-06,kn-gh-actions-runner-3681-c001,2,research_knowledge,github_actions,configuration_failure,,human_approved,approved,project_owner_assisted_review,2026-07-29T04:10:47.317043+00:00
bm-sec-06,kn-gh-actions-runner-3685-c001,2,research_knowledge,github_actions,configuration_failure,,human_approved,approved,project_owner_assisted_review,2026-07-29T04:10:47.317043+00:00
bm-sec-06,kn-gh-hashicorp-terraform-provider-aws-35273-c002,2,research_knowledge,aws,terraform_failure,,human_approved,approved,project_owner_assisted_review,2026-07-29T04:10:47.317043+00:00
bm-sec-06,kn-gh-kubernetes-kubernetes-131336-c001,2,research_knowledge,kubernetes,docker_failure,,human_approved,approved,project_owner_assisted_review,2026-07-29T04:10:47.317043+00:00
bm-sec-07,kn-gh-hashicorp-terraform-provider-aws-38677-c001,2,research_knowledge,aws,terraform_failure,,human_approved,approved,project_owner_assisted_review,2026-07-29T04:10:47.317043+00:00
bm-sec-07,kn-gh-kubernetes-kubernetes-140922-c000,2,research_knowledge,kubernetes,docker_failure,,human_approved,approved,project_owner_assisted_review,2026-07-29T04:10:47.317043+00:00
bm-sec-07,kn-gh-kubernetes-kubernetes-140922-c001,2,research_knowledge,kubernetes,docker_failure,,human_approved,approved,project_owner_assisted_review,2026-07-29T04:10:47.317043+00:00
bm-sec-08,doc-k8s-images-c025,2,official_documentation,kubernetes,deployment_failure,Kubernetes,human_approved,approved,project_owner_assisted_review,2026-07-29T04:10:47.317043+00:00
bm-sec-08,doc-k8s-images-c033,2,official_documentation,kubernetes,deployment_failure,Kubernetes,human_approved,approved,project_owner_assisted_review,2026-07-29T04:10:47.317043+00:00
bm-sec-08,doc-k8s-images-c034,2,official_documentation,kubernetes,deployment_failure,Kubernetes,human_approved,approved,project_owner_assisted_review,2026-07-29T04:10:47.317043+00:00
bm-sec-08,doc-k8s-pod-lifecycle-c049,2,official_documentation,kubernetes,deployment_failure,Kubernetes,human_approved,approved,project_owner_assisted_review,2026-07-29T04:10:47.317043+00:00
bm-sec-08,doc-k8s-pod-lifecycle-c052,2,official_documentation,kubernetes,deployment_failure,Kubernetes,human_approved,approved,project_owner_assisted_review,2026-07-29T04:10:47.317043+00:00
bm-sec-08,doc-k8s-pod-lifecycle-c087,2,official_documentation,kubernetes,deployment_failure,Kubernetes,human_approved,approved,project_owner_assisted_review,2026-07-29T04:10:47.317043+00:00
bm-sec-08,kn-gh-kubernetes-kubernetes-119568-c000,2,research_knowledge,kubernetes,docker_failure,,human_approved,approved,project_owner_assisted_review,2026-07-29T04:10:47.317043+00:00
bm-sec-08,kn-gh-kubernetes-kubernetes-119568-c001,2,research_knowledge,kubernetes,docker_failure,,human_approved,approved,project_owner_assisted_review,2026-07-29T04:10:47.317043+00:00
bm-sec-08,kn-gh-kubernetes-kubernetes-119568-c002,2,research_knowledge,kubernetes,docker_failure,,human_approved,approved,project_owner_assisted_review,2026-07-29T04:10:47.317043+00:00
bm-sec-08,kn-gh-kubernetes-kubernetes-129463-c000,2,research_knowledge,kubernetes,docker_failure,,human_approved,approved,project_owner_assisted_review,2026-07-29T04:10:47.317043+00:00
bm-sec-08,kn-gh-kubernetes-kubernetes-131336-c000,2,research_knowledge,kubernetes,docker_failure,,human_approved,approved,project_owner_assisted_review,2026-07-29T04:10:47.317043+00:00
bm-sec-08,kn-gh-kubernetes-kubernetes-135082-c000,2,research_knowledge,kubernetes,configuration_failure,,human_approved,approved,project_owner_assisted_review,2026-07-29T04:10:47.317043+00:00
bm-sec-08,kn-gh-kubernetes-kubernetes-137895-c000,2,research_knowledge,kubernetes,docker_failure,,human_approved,approved,project_owner_assisted_review,2026-07-29T04:10:47.317043+00:00
bm-sec-08,kn-gh-kubernetes-kubernetes-138525-c000,2,research_knowledge,kubernetes,docker_failure,,human_approved,approved,project_owner_assisted_review,2026-07-29T04:10:47.317043+00:00
bm-sec-08,kn-gh-kubernetes-kubernetes-138525-c001,1,research_knowledge,kubernetes,docker_failure,,human_approved,approved,project_owner_assisted_review,2026-07-29T04:10:47.317043+00:00
bm-sec-08,kn-gh-kubernetes-kubernetes-138525-c002,2,research_knowledge,kubernetes,docker_failure,,human_approved,approved,project_owner_assisted_review,2026-07-29T04:10:47.317043+00:00
bm-sec-08,kn-gh-kubernetes-kubernetes-139772-c000,2,research_knowledge,kubernetes,docker_failure,,human_approved,approved,project_owner_assisted_review,2026-07-29T04:10:47.317043+00:00
bm-sec-08,kn-gh-kubernetes-kubernetes-139996-c000,2,research_knowledge,kubernetes,deployment_failure,,human_approved,approved,project_owner_assisted_review,2026-07-29T04:10:47.317043+00:00
bm-sec-08,kn-gh-kubernetes-kubernetes-140804-c000,2,research_knowledge,kubernetes,docker_failure,,human_approved,approved,project_owner_assisted_review,2026-07-29T04:10:47.317043+00:00
bm-sec-08,kn-gh-kubernetes-kubernetes-140922-c000,2,research_knowledge,kubernetes,docker_failure,,human_approved,approved,project_owner_assisted_review,2026-07-29T04:10:47.317043+00:00
bm-sec-09,doc-aws-iam-access-denied-c000,2,official_documentation,aws,aws_permission_failure,AWS,human_approved,approved,project_owner_assisted_review,2026-07-29T04:10:47.317043+00:00
bm-sec-10,kn-gh-hashicorp-terraform-35313-c002,2,research_knowledge,terraform,terraform_failure,,human_approved,approved,project_owner_assisted_review,2026-07-29T04:10:47.317043+00:00
bm-sec-10,kn-gh-hashicorp-terraform-38283-c000,2,research_knowledge,terraform,terraform_failure,,human_approved,approved,project_owner_assisted_review,2026-07-29T04:10:47.317043+00:00
bm-sec-10,kn-gh-hashicorp-terraform-38310-c001,2,research_knowledge,terraform,aws_permission_failure,,human_approved,approved,project_owner_assisted_review,2026-07-29T04:10:47.317043+00:00
bm-sec-10,kn-gh-hashicorp-terraform-38310-c002,2,research_knowledge,terraform,aws_permission_failure,,human_approved,approved,project_owner_assisted_review,2026-07-29T04:10:47.317043+00:00
bm-sec-10,kn-gh-hashicorp-terraform-38475-c001,2,research_knowledge,terraform,terraform_failure,,human_approved,approved,project_owner_assisted_review,2026-07-29T04:10:47.317043+00:00
bm-sec-10,kn-gh-hashicorp-terraform-38495-c002,2,research_knowledge,terraform,terraform_failure,,human_approved,approved,project_owner_assisted_review,2026-07-29T04:10:47.317043+00:00
bm-sec-10,kn-gh-hashicorp-terraform-38638-c000,2,research_knowledge,terraform,aws_permission_failure,,human_approved,approved,project_owner_assisted_review,2026-07-29T04:10:47.317043+00:00
bm-sec-10,kn-gh-hashicorp-terraform-38712-c001,2,research_knowledge,terraform,terraform_failure,,human_approved,approved,project_owner_assisted_review,2026-07-29T04:10:47.317043+00:00
bm-sec-10,kn-gh-hashicorp-terraform-38712-c002,2,research_knowledge,terraform,terraform_failure,,human_approved,approved,project_owner_assisted_review,2026-07-29T04:10:47.317043+00:00
bm-sec-10,kn-gh-hashicorp-terraform-provider-aws-27027-c000,2,research_knowledge,aws,terraform_failure,,human_approved,approved,project_owner_assisted_review,2026-07-29T04:10:47.317043+00:00
bm-sec-10,kn-gh-hashicorp-terraform-provider-aws-29805-c000,2,research_knowledge,aws,terraform_failure,,human_approved,approved,project_owner_assisted_review,2026-07-29T04:10:47.317043+00:00
bm-sec-10,kn-gh-hashicorp-terraform-provider-aws-31261-c000,2,research_knowledge,aws,aws_permission_failure,,human_approved,approved,project_owner_assisted_review,2026-07-29T04:10:47.317043+00:00
bm-sec-10,kn-gh-hashicorp-terraform-provider-aws-35188-c001,2,research_knowledge,aws,terraform_failure,,human_approved,approved,project_owner_assisted_review,2026-07-29T04:10:47.317043+00:00
bm-sec-10,kn-gh-hashicorp-terraform-provider-aws-35188-c002,2,research_knowledge,aws,terraform_failure,,human_approved,approved,project_owner_assisted_review,2026-07-29T04:10:47.317043+00:00
bm-sec-10,kn-gh-hashicorp-terraform-provider-aws-35785-c000,2,research_knowledge,aws,terraform_failure,,human_approved,approved,project_owner_assisted_review,2026-07-29T04:10:47.317043+00:00
bm-sec-10,kn-gh-hashicorp-terraform-provider-aws-35785-c001,2,research_knowledge,aws,terraform_failure,,human_approved,approved,project_owner_assisted_review,2026-07-29T04:10:47.317043+00:00
bm-sec-10,kn-gh-hashicorp-terraform-provider-aws-35785-c002,2,research_knowledge,aws,terraform_failure,,human_approved,approved,project_owner_assisted_review,2026-07-29T04:10:47.317043+00:00
bm-sec-10,kn-gh-hashicorp-terraform-provider-aws-36912-c000,2,research_knowledge,aws,terraform_failure,,human_approved,approved,project_owner_assisted_review,2026-07-29T04:10:47.317043+00:00
bm-sec-10,kn-gh-hashicorp-terraform-provider-aws-36912-c002,2,research_knowledge,aws,terraform_failure,,human_approved,approved,project_owner_assisted_review,2026-07-29T04:10:47.317043+00:00
bm-sec-10,kn-gh-hashicorp-terraform-provider-aws-38113-c001,2,research_knowledge,aws,terraform_failure,,human_approved,approved,project_owner_assisted_review,2026-07-29T04:10:47.317043+00:00
bm-tf-01,doc-terraform-resources-c001,3,official_documentation,terraform,terraform_failure,Terraform,human_approved,approved,project_owner_assisted_review,2026-07-29T04:10:47.317043+00:00
bm-tf-01,doc-terraform-resources-c014,3,official_documentation,terraform,terraform_failure,Terraform,human_approved,approved,project_owner_assisted_review,2026-07-29T04:10:47.317043+00:00
bm-tf-01,kn-gh-hashicorp-terraform-34252-c002,3,research_knowledge,terraform,terraform_failure,,human_approved,approved,project_owner_assisted_review,2026-07-29T04:10:47.317043+00:00
bm-tf-01,kn-gh-hashicorp-terraform-36225-c002,3,research_knowledge,terraform,terraform_failure,,human_approved,approved,project_owner_assisted_review,2026-07-29T04:10:47.317043+00:00
bm-tf-01,kn-gh-hashicorp-terraform-37975-c000,3,research_knowledge,terraform,terraform_failure,,human_approved,approved,project_owner_assisted_review,2026-07-29T04:10:47.317043+00:00
bm-tf-01,kn-gh-hashicorp-terraform-38475-c001,3,research_knowledge,terraform,terraform_failure,,human_approved,approved,project_owner_assisted_review,2026-07-29T04:10:47.317043+00:00
bm-tf-01,kn-gh-hashicorp-terraform-38508-c001,3,research_knowledge,terraform,terraform_failure,,human_approved,approved,project_owner_assisted_review,2026-07-29T04:10:47.317043+00:00
bm-tf-01,kn-gh-hashicorp-terraform-38508-c003,3,research_knowledge,terraform,terraform_failure,,human_approved,approved,project_owner_assisted_review,2026-07-29T04:10:47.317043+00:00
bm-tf-01,kn-gh-hashicorp-terraform-38575-c000,3,research_knowledge,terraform,terraform_failure,,human_approved,approved,project_owner_assisted_review,2026-07-29T04:10:47.317043+00:00
bm-tf-01,kn-gh-hashicorp-terraform-38586-c001,3,research_knowledge,terraform,terraform_failure,,human_approved,approved,project_owner_assisted_review,2026-07-29T04:10:47.317043+00:00
bm-tf-01,kn-gh-hashicorp-terraform-38624-c000,2,research_knowledge,terraform,aws_permission_failure,,human_approved,approved,project_owner_assisted_review,2026-07-29T04:10:47.317043+00:00
bm-tf-01,kn-gh-hashicorp-terraform-38671-c003,3,research_knowledge,terraform,terraform_failure,,human_approved,approved,project_owner_assisted_review,2026-07-29T04:10:47.317043+00:00
bm-tf-02,doc-terraform-plan-c027,3,official_documentation,terraform,terraform_failure,Terraform,human_approved,approved,project_owner_assisted_review,2026-07-29T04:10:47.317043+00:00
bm-tf-02,doc-terraform-plan-c028,3,official_documentation,terraform,terraform_failure,Terraform,human_approved,approved,project_owner_assisted_review,2026-07-29T04:10:47.317043+00:00
bm-tf-02,doc-terraform-resources-c033,3,official_documentation,terraform,terraform_failure,Terraform,human_approved,approved,project_owner_assisted_review,2026-07-29T04:10:47.317043+00:00
bm-tf-02,kn-gh-hashicorp-terraform-25818-c000,3,research_knowledge,terraform,terraform_failure,,human_approved,approved,project_owner_assisted_review,2026-07-29T04:10:47.317043+00:00
bm-tf-02,kn-gh-hashicorp-terraform-25818-c001,3,research_knowledge,terraform,terraform_failure,,human_approved,approved,project_owner_assisted_review,2026-07-29T04:10:47.317043+00:00
bm-tf-02,kn-gh-hashicorp-terraform-25818-c003,3,research_knowledge,terraform,terraform_failure,,human_approved,approved,project_owner_assisted_review,2026-07-29T04:10:47.317043+00:00
bm-tf-02,kn-gh-hashicorp-terraform-34252-c002,3,research_knowledge,terraform,terraform_failure,,human_approved,approved,project_owner_assisted_review,2026-07-29T04:10:47.317043+00:00
bm-tf-02,kn-gh-hashicorp-terraform-37501-c001,3,research_knowledge,terraform,terraform_failure,,human_approved,approved,project_owner_assisted_review,2026-07-29T04:10:47.317043+00:00
bm-tf-02,kn-gh-hashicorp-terraform-37680-c001,3,research_knowledge,terraform,terraform_failure,,human_approved,approved,project_owner_assisted_review,2026-07-29T04:10:47.317043+00:00
bm-tf-02,kn-gh-hashicorp-terraform-38492-c003,3,research_knowledge,terraform,terraform_failure,,human_approved,approved,project_owner_assisted_review,2026-07-29T04:10:47.317043+00:00
bm-tf-02,kn-gh-hashicorp-terraform-38563-c000,3,research_knowledge,terraform,terraform_failure,,human_approved,approved,project_owner_assisted_review,2026-07-29T04:10:47.317043+00:00
bm-tf-02,kn-gh-hashicorp-terraform-38563-c002,3,research_knowledge,terraform,terraform_failure,,human_approved,approved,project_owner_assisted_review,2026-07-29T04:10:47.317043+00:00
bm-tf-02,kn-gh-hashicorp-terraform-38578-c000,3,research_knowledge,terraform,terraform_failure,,human_approved,approved,project_owner_assisted_review,2026-07-29T04:10:47.317043+00:00
bm-tf-02,kn-gh-hashicorp-terraform-38586-c001,3,research_knowledge,terraform,terraform_failure,,human_approved,approved,project_owner_assisted_review,2026-07-29T04:10:47.317043+00:00
bm-tf-02,kn-gh-hashicorp-terraform-38586-c002,3,research_knowledge,terraform,terraform_failure,,human_approved,approved,project_owner_assisted_review,2026-07-29T04:10:47.317043+00:00
bm-tf-02,kn-gh-hashicorp-terraform-38695-c002,3,research_knowledge,terraform,terraform_failure,,human_approved,approved,project_owner_assisted_review,2026-07-29T04:10:47.317043+00:00
bm-tf-03,kn-gh-hashicorp-terraform-38638-c000,2,research_knowledge,terraform,aws_permission_failure,,human_approved,approved,project_owner_assisted_review,2026-07-29T04:10:47.317043+00:00
bm-tf-04,doc-terraform-resources-c023,3,official_documentation,terraform,terraform_failure,Terraform,human_approved,approved,project_owner_assisted_review,2026-07-29T04:10:47.317043+00:00
bm-tf-04,kn-gh-hashicorp-terraform-25818-c003,3,research_knowledge,terraform,terraform_failure,,human_approved,approved,project_owner_assisted_review,2026-07-29T04:10:47.317043+00:00
bm-tf-04,kn-gh-hashicorp-terraform-34252-c002,3,research_knowledge,terraform,terraform_failure,,human_approved,approved,project_owner_assisted_review,2026-07-29T04:10:47.317043+00:00
bm-tf-04,kn-gh-hashicorp-terraform-37975-c000,3,research_knowledge,terraform,terraform_failure,,human_approved,approved,project_owner_assisted_review,2026-07-29T04:10:47.317043+00:00
bm-tf-04,kn-gh-hashicorp-terraform-37975-c001,3,research_knowledge,terraform,terraform_failure,,human_approved,approved,project_owner_assisted_review,2026-07-29T04:10:47.317043+00:00
bm-tf-04,kn-gh-hashicorp-terraform-37975-c002,3,research_knowledge,terraform,terraform_failure,,human_approved,approved,project_owner_assisted_review,2026-07-29T04:10:47.317043+00:00
bm-tf-04,kn-gh-hashicorp-terraform-38475-c002,3,research_knowledge,terraform,terraform_failure,,human_approved,approved,project_owner_assisted_review,2026-07-29T04:10:47.317043+00:00
bm-tf-04,kn-gh-hashicorp-terraform-38478-c002,3,research_knowledge,terraform,terraform_failure,,human_approved,approved,project_owner_assisted_review,2026-07-29T04:10:47.317043+00:00
bm-tf-04,kn-gh-hashicorp-terraform-38508-c003,3,research_knowledge,terraform,terraform_failure,,human_approved,approved,project_owner_assisted_review,2026-07-29T04:10:47.317043+00:00
bm-tf-04,kn-gh-hashicorp-terraform-38586-c001,3,research_knowledge,terraform,terraform_failure,,human_approved,approved,project_owner_assisted_review,2026-07-29T04:10:47.317043+00:00
bm-tf-04,kn-gh-hashicorp-terraform-38591-c000,3,research_knowledge,terraform,terraform_failure,,human_approved,approved,project_owner_assisted_review,2026-07-29T04:10:47.317043+00:00
bm-tf-04,kn-gh-hashicorp-terraform-38591-c001,3,research_knowledge,terraform,terraform_failure,,human_approved,approved,project_owner_assisted_review,2026-07-29T04:10:47.317043+00:00
bm-tf-04,kn-gh-hashicorp-terraform-38591-c002,3,research_knowledge,terraform,terraform_failure,,human_approved,approved,project_owner_assisted_review,2026-07-29T04:10:47.317043+00:00
bm-tf-04,kn-gh-hashicorp-terraform-38671-c003,3,research_knowledge,terraform,terraform_failure,,human_approved,approved,project_owner_assisted_review,2026-07-29T04:10:47.317043+00:00
bm-tf-05,doc-terraform-plan-c008,3,official_documentation,terraform,terraform_failure,Terraform,human_approved,approved,project_owner_assisted_review,2026-07-29T04:10:47.317043+00:00
bm-tf-05,doc-terraform-plan-c010,3,official_documentation,terraform,terraform_failure,Terraform,human_approved,approved,project_owner_assisted_review,2026-07-29T04:10:47.317043+00:00
bm-tf-05,doc-terraform-resources-c022,3,official_documentation,terraform,terraform_failure,Terraform,human_approved,approved,project_owner_assisted_review,2026-07-29T04:10:47.317043+00:00
bm-tf-05,kn-gh-hashicorp-terraform-38315-c001,2,research_knowledge,terraform,terraform_failure,,human_approved,approved,project_owner_assisted_review,2026-07-29T04:10:47.317043+00:00
bm-tf-05,kn-gh-hashicorp-terraform-38315-c002,2,research_knowledge,terraform,terraform_failure,,human_approved,approved,project_owner_assisted_review,2026-07-29T04:10:47.317043+00:00
bm-tf-05,kn-gh-hashicorp-terraform-38475-c002,3,research_knowledge,terraform,terraform_failure,,human_approved,approved,project_owner_assisted_review,2026-07-29T04:10:47.317043+00:00
bm-tf-05,kn-gh-hashicorp-terraform-38558-c001,2,research_knowledge,terraform,terraform_failure,,human_approved,approved,project_owner_assisted_review,2026-07-29T04:10:47.317043+00:00
bm-tf-05,kn-gh-hashicorp-terraform-38558-c002,2,research_knowledge,terraform,terraform_failure,,human_approved,approved,project_owner_assisted_review,2026-07-29T04:10:47.317043+00:00
bm-tf-05,kn-gh-hashicorp-terraform-38586-c001,2,research_knowledge,terraform,terraform_failure,,human_approved,approved,project_owner_assisted_review,2026-07-29T04:10:47.317043+00:00
bm-tf-05,kn-gh-hashicorp-terraform-38586-c002,3,research_knowledge,terraform,terraform_failure,,human_approved,approved,project_owner_assisted_review,2026-07-29T04:10:47.317043+00:00
bm-tf-05,kn-gh-hashicorp-terraform-38641-c001,3,research_knowledge,terraform,terraform_failure,,human_approved,approved,project_owner_assisted_review,2026-07-29T04:10:47.317043+00:00
bm-tf-05,kn-gh-hashicorp-terraform-38670-c002,3,research_knowledge,terraform,terraform_failure,,human_approved,approved,project_owner_assisted_review,2026-07-29T04:10:47.317043+00:00
bm-tf-05,kn-gh-hashicorp-terraform-38898-c000,3,research_knowledge,terraform,terraform_failure,,human_approved,approved,project_owner_assisted_review,2026-07-29T04:10:47.317043+00:00
bm-tf-05,kn-gh-hashicorp-terraform-38898-c001,3,research_knowledge,terraform,terraform_failure,,human_approved,approved,project_owner_assisted_review,2026-07-29T04:10:47.317043+00:00
bm-tf-05,kn-gh-hashicorp-terraform-38898-c002,3,research_knowledge,terraform,terraform_failure,,human_approved,approved,project_owner_assisted_review,2026-07-29T04:10:47.317043+00:00
bm-tf-06,doc-terraform-expressions-references-c027,3,official_documentation,terraform,terraform_failure,Terraform,human_approved,approved,project_owner_assisted_review,2026-07-29T04:10:47.317043+00:00
bm-tf-06,doc-terraform-expressions-references-c029,3,official_documentation,terraform,terraform_failure,Terraform,human_approved,approved,project_owner_assisted_review,2026-07-29T04:10:47.317043+00:00
bm-tf-06,doc-terraform-plan-c014,3,official_documentation,terraform,terraform_failure,Terraform,human_approved,approved,project_owner_assisted_review,2026-07-29T04:10:47.317043+00:00
bm-tf-06,doc-terraform-plan-c015,3,official_documentation,terraform,terraform_failure,Terraform,human_approved,approved,project_owner_assisted_review,2026-07-29T04:10:47.317043+00:00
bm-tf-06,doc-terraform-plan-c016,3,official_documentation,terraform,terraform_failure,Terraform,human_approved,approved,project_owner_assisted_review,2026-07-29T04:10:47.317043+00:00
bm-tf-06,doc-terraform-plan-c019,2,official_documentation,terraform,terraform_failure,Terraform,human_approved,approved,project_owner_assisted_review,2026-07-29T04:10:47.317043+00:00
bm-tf-06,doc-terraform-plan-c021,3,official_documentation,terraform,terraform_failure,Terraform,human_approved,approved,project_owner_assisted_review,2026-07-29T04:10:47.317043+00:00
bm-tf-06,doc-terraform-plan-c034,3,official_documentation,terraform,terraform_failure,Terraform,human_approved,approved,project_owner_assisted_review,2026-07-29T04:10:47.317043+00:00
bm-tf-06,doc-terraform-resources-c055,2,official_documentation,terraform,terraform_failure,Terraform,human_approved,approved,project_owner_assisted_review,2026-07-29T04:10:47.317043+00:00
bm-tf-06,doc-terraform-resources-c061,3,official_documentation,terraform,terraform_failure,Terraform,human_approved,approved,project_owner_assisted_review,2026-07-29T04:10:47.317043+00:00
bm-tf-06,kn-gh-hashicorp-terraform-36306-c001,2,research_knowledge,terraform,terraform_failure,,human_approved,approved,project_owner_assisted_review,2026-07-29T04:10:47.317043+00:00
bm-tf-06,kn-gh-hashicorp-terraform-36306-c002,3,research_knowledge,terraform,terraform_failure,,human_approved,approved,project_owner_assisted_review,2026-07-29T04:10:47.317043+00:00
bm-tf-06,kn-gh-hashicorp-terraform-38474-c001,3,research_knowledge,terraform,terraform_failure,,human_approved,approved,project_owner_assisted_review,2026-07-29T04:10:47.317043+00:00
bm-tf-06,kn-gh-hashicorp-terraform-38475-c001,3,research_knowledge,terraform,terraform_failure,,human_approved,approved,project_owner_assisted_review,2026-07-29T04:10:47.317043+00:00
bm-tf-06,kn-gh-hashicorp-terraform-38475-c002,3,research_knowledge,terraform,terraform_failure,,human_approved,approved,project_owner_assisted_review,2026-07-29T04:10:47.317043+00:00
bm-tf-06,kn-gh-hashicorp-terraform-38488-c001,3,research_knowledge,terraform,terraform_failure,,human_approved,approved,project_owner_assisted_review,2026-07-29T04:10:47.317043+00:00
bm-tf-06,kn-gh-hashicorp-terraform-38488-c002,3,research_knowledge,terraform,terraform_failure,,human_approved,approved,project_owner_assisted_review,2026-07-29T04:10:47.317043+00:00
bm-tf-06,kn-gh-hashicorp-terraform-38503-c001,3,research_knowledge,terraform,terraform_failure,,human_approved,approved,project_owner_assisted_review,2026-07-29T04:10:47.317043+00:00
bm-tf-06,kn-gh-hashicorp-terraform-38503-c002,3,research_knowledge,terraform,terraform_failure,,human_approved,approved,project_owner_assisted_review,2026-07-29T04:10:47.317043+00:00
bm-tf-06,kn-gh-hashicorp-terraform-38788-c001,3,research_knowledge,terraform,terraform_failure,,human_approved,approved,project_owner_assisted_review,2026-07-29T04:10:47.317043+00:00
bm-tf-07,doc-terraform-resources-c086,3,official_documentation,terraform,terraform_failure,Terraform,human_approved,approved,project_owner_assisted_review,2026-07-29T04:10:47.317043+00:00
bm-tf-07,kn-gh-hashicorp-terraform-29656-c002,2,research_knowledge,terraform,aws_permission_failure,,human_approved,approved,project_owner_assisted_review,2026-07-29T04:10:47.317043+00:00
bm-tf-07,kn-gh-hashicorp-terraform-33803-c000,3,research_knowledge,terraform,terraform_failure,,human_approved,approved,project_owner_assisted_review,2026-07-29T04:10:47.317043+00:00
bm-tf-07,kn-gh-hashicorp-terraform-37130-c001,3,research_knowledge,terraform,terraform_failure,,human_approved,approved,project_owner_assisted_review,2026-07-29T04:10:47.317043+00:00
bm-tf-07,kn-gh-hashicorp-terraform-37130-c002,3,research_knowledge,terraform,terraform_failure,,human_approved,approved,project_owner_assisted_review,2026-07-29T04:10:47.317043+00:00
bm-tf-07,kn-gh-hashicorp-terraform-38467-c000,3,research_knowledge,terraform,terraform_failure,,human_approved,approved,project_owner_assisted_review,2026-07-29T04:10:47.317043+00:00
bm-tf-07,kn-gh-hashicorp-terraform-38467-c001,3,research_knowledge,terraform,terraform_failure,,human_approved,approved,project_owner_assisted_review,2026-07-29T04:10:47.317043+00:00
bm-tf-07,kn-gh-hashicorp-terraform-38467-c003,3,research_knowledge,terraform,terraform_failure,,human_approved,approved,project_owner_assisted_review,2026-07-29T04:10:47.317043+00:00
bm-tf-07,kn-gh-hashicorp-terraform-38474-c001,3,research_knowledge,terraform,terraform_failure,,human_approved,approved,project_owner_assisted_review,2026-07-29T04:10:47.317043+00:00
bm-tf-07,kn-gh-hashicorp-terraform-38474-c002,3,research_knowledge,terraform,terraform_failure,,human_approved,approved,project_owner_assisted_review,2026-07-29T04:10:47.317043+00:00
bm-tf-07,kn-gh-hashicorp-terraform-38495-c002,3,research_knowledge,terraform,terraform_failure,,human_approved,approved,project_owner_assisted_review,2026-07-29T04:10:47.317043+00:00
bm-tf-07,kn-gh-hashicorp-terraform-38503-c001,3,research_knowledge,terraform,terraform_failure,,human_approved,approved,project_owner_assisted_review,2026-07-29T04:10:47.317043+00:00
bm-tf-07,kn-gh-hashicorp-terraform-38503-c002,3,research_knowledge,terraform,terraform_failure,,human_approved,approved,project_owner_assisted_review,2026-07-29T04:10:47.317043+00:00
bm-tf-07,kn-gh-hashicorp-terraform-38638-c000,2,research_knowledge,terraform,aws_permission_failure,,human_approved,approved,project_owner_assisted_review,2026-07-29T04:10:47.317043+00:00
bm-tf-08,doc-terraform-expressions-references-c012,3,official_documentation,terraform,terraform_failure,Terraform,human_approved,approved,project_owner_assisted_review,2026-07-29T04:10:47.317043+00:00
bm-tf-08,doc-terraform-plan-c032,3,official_documentation,terraform,terraform_failure,Terraform,human_approved,approved,project_owner_assisted_review,2026-07-29T04:10:47.317043+00:00
bm-tf-08,doc-terraform-resources-c055,3,official_documentation,terraform,terraform_failure,Terraform,human_approved,approved,project_owner_assisted_review,2026-07-29T04:10:47.317043+00:00
bm-tf-08,kn-gh-hashicorp-terraform-32305-c000,3,research_knowledge,terraform,terraform_failure,,human_approved,approved,project_owner_assisted_review,2026-07-29T04:10:47.317043+00:00
bm-tf-08,kn-gh-hashicorp-terraform-32305-c001,3,research_knowledge,terraform,terraform_failure,,human_approved,approved,project_owner_assisted_review,2026-07-29T04:10:47.317043+00:00
bm-tf-08,kn-gh-hashicorp-terraform-32305-c002,3,research_knowledge,terraform,terraform_failure,,human_approved,approved,project_owner_assisted_review,2026-07-29T04:10:47.317043+00:00
bm-tf-08,kn-gh-hashicorp-terraform-34252-c000,3,research_knowledge,terraform,terraform_failure,,human_approved,approved,project_owner_assisted_review,2026-07-29T04:10:47.317043+00:00
bm-tf-08,kn-gh-hashicorp-terraform-34252-c002,3,research_knowledge,terraform,terraform_failure,,human_approved,approved,project_owner_assisted_review,2026-07-29T04:10:47.317043+00:00
bm-tf-08,kn-gh-hashicorp-terraform-35313-c000,3,research_knowledge,terraform,terraform_failure,,human_approved,approved,project_owner_assisted_review,2026-07-29T04:10:47.317043+00:00
bm-tf-08,kn-gh-hashicorp-terraform-35313-c001,3,research_knowledge,terraform,terraform_failure,,human_approved,approved,project_owner_assisted_review,2026-07-29T04:10:47.317043+00:00
bm-tf-08,kn-gh-hashicorp-terraform-35313-c002,3,research_knowledge,terraform,terraform_failure,,human_approved,approved,project_owner_assisted_review,2026-07-29T04:10:47.317043+00:00
bm-tf-08,kn-gh-hashicorp-terraform-36225-c001,3,research_knowledge,terraform,terraform_failure,,human_approved,approved,project_owner_assisted_review,2026-07-29T04:10:47.317043+00:00
bm-tf-08,kn-gh-hashicorp-terraform-38025-c000,3,research_knowledge,terraform,terraform_failure,,human_approved,approved,project_owner_assisted_review,2026-07-29T04:10:47.317043+00:00
bm-tf-08,kn-gh-hashicorp-terraform-38265-c000,3,research_knowledge,terraform,terraform_failure,,human_approved,approved,project_owner_assisted_review,2026-07-29T04:10:47.317043+00:00
bm-tf-08,kn-gh-hashicorp-terraform-38265-c001,3,research_knowledge,terraform,terraform_failure,,human_approved,approved,project_owner_assisted_review,2026-07-29T04:10:47.317043+00:00
bm-tf-08,kn-gh-hashicorp-terraform-38265-c002,3,research_knowledge,terraform,terraform_failure,,human_approved,approved,project_owner_assisted_review,2026-07-29T04:10:47.317043+00:00
bm-tf-08,kn-gh-hashicorp-terraform-38376-c000,3,research_knowledge,terraform,terraform_failure,,human_approved,approved,project_owner_assisted_review,2026-07-29T04:10:47.317043+00:00
bm-tf-08,kn-gh-hashicorp-terraform-38376-c001,3,research_knowledge,terraform,terraform_failure,,human_approved,approved,project_owner_assisted_review,2026-07-29T04:10:47.317043+00:00
bm-tf-08,kn-gh-hashicorp-terraform-38376-c002,3,research_knowledge,terraform,terraform_failure,,human_approved,approved,project_owner_assisted_review,2026-07-29T04:10:47.317043+00:00
bm-tf-08,kn-gh-hashicorp-terraform-38872-c000,3,research_knowledge,terraform,terraform_failure,,human_approved,approved,project_owner_assisted_review,2026-07-29T04:10:47.317043+00:00
bm-tf-09,doc-terraform-expressions-references-c002,3,official_documentation,terraform,terraform_failure,Terraform,human_approved,approved,project_owner_assisted_review,2026-07-29T04:10:47.317043+00:00
bm-tf-09,doc-terraform-expressions-references-c015,3,official_documentation,terraform,terraform_failure,Terraform,human_approved,approved,project_owner_assisted_review,2026-07-29T04:10:47.317043+00:00
bm-tf-09,doc-terraform-expressions-references-c016,3,official_documentation,terraform,terraform_failure,Terraform,human_approved,approved,project_owner_assisted_review,2026-07-29T04:10:47.317043+00:00
bm-tf-09,doc-terraform-plan-c015,3,official_documentation,terraform,terraform_failure,Terraform,human_approved,approved,project_owner_assisted_review,2026-07-29T04:10:47.317043+00:00
bm-tf-09,doc-terraform-plan-c016,3,official_documentation,terraform,terraform_failure,Terraform,human_approved,approved,project_owner_assisted_review,2026-07-29T04:10:47.317043+00:00
bm-tf-09,doc-terraform-plan-c019,3,official_documentation,terraform,terraform_failure,Terraform,human_approved,approved,project_owner_assisted_review,2026-07-29T04:10:47.317043+00:00
bm-tf-09,doc-terraform-plan-c020,3,official_documentation,terraform,terraform_failure,Terraform,human_approved,approved,project_owner_assisted_review,2026-07-29T04:10:47.317043+00:00
bm-tf-09,doc-terraform-plan-c021,3,official_documentation,terraform,terraform_failure,Terraform,human_approved,approved,project_owner_assisted_review,2026-07-29T04:10:47.317043+00:00
bm-tf-09,doc-terraform-resources-c010,3,official_documentation,terraform,terraform_failure,Terraform,human_approved,approved,project_owner_assisted_review,2026-07-29T04:10:47.317043+00:00
bm-tf-09,doc-terraform-resources-c017,3,official_documentation,terraform,terraform_failure,Terraform,human_approved,approved,project_owner_assisted_review,2026-07-29T04:10:47.317043+00:00
bm-tf-09,doc-terraform-resources-c019,3,official_documentation,terraform,terraform_failure,Terraform,human_approved,approved,project_owner_assisted_review,2026-07-29T04:10:47.317043+00:00
bm-tf-09,kn-gh-hashicorp-terraform-28188-c000,3,research_knowledge,terraform,terraform_failure,,human_approved,approved,project_owner_assisted_review,2026-07-29T04:10:47.317043+00:00
bm-tf-09,kn-gh-hashicorp-terraform-32146-c000,3,research_knowledge,terraform,terraform_failure,,human_approved,approved,project_owner_assisted_review,2026-07-29T04:10:47.317043+00:00
bm-tf-09,kn-gh-hashicorp-terraform-32146-c001,3,research_knowledge,terraform,terraform_failure,,human_approved,approved,project_owner_assisted_review,2026-07-29T04:10:47.317043+00:00
bm-tf-09,kn-gh-hashicorp-terraform-32146-c002,3,research_knowledge,terraform,terraform_failure,,human_approved,approved,project_owner_assisted_review,2026-07-29T04:10:47.317043+00:00
bm-tf-09,kn-gh-hashicorp-terraform-36306-c001,3,research_knowledge,terraform,terraform_failure,,human_approved,approved,project_owner_assisted_review,2026-07-29T04:10:47.317043+00:00
bm-tf-09,kn-gh-hashicorp-terraform-36306-c002,3,research_knowledge,terraform,terraform_failure,,human_approved,approved,project_owner_assisted_review,2026-07-29T04:10:47.317043+00:00
bm-tf-09,kn-gh-hashicorp-terraform-38475-c001,3,research_knowledge,terraform,terraform_failure,,human_approved,approved,project_owner_assisted_review,2026-07-29T04:10:47.317043+00:00
bm-tf-09,kn-gh-hashicorp-terraform-38488-c000,3,research_knowledge,terraform,terraform_failure,,human_approved,approved,project_owner_assisted_review,2026-07-29T04:10:47.317043+00:00
bm-tf-09,kn-gh-hashicorp-terraform-38557-c002,3,research_knowledge,terraform,terraform_failure,,human_approved,approved,project_owner_assisted_review,2026-07-29T04:10:47.317043+00:00
bm-tf-10,doc-terraform-resources-c023,3,official_documentation,terraform,terraform_failure,Terraform,human_approved,approved,project_owner_assisted_review,2026-07-29T04:10:47.317043+00:00
bm-tf-10,doc-terraform-resources-c055,3,official_documentation,terraform,terraform_failure,Terraform,human_approved,approved,project_owner_assisted_review,2026-07-29T04:10:47.317043+00:00
bm-tf-10,kn-gh-hashicorp-terraform-36225-c002,3,research_knowledge,terraform,terraform_failure,,human_approved,approved,project_owner_assisted_review,2026-07-29T04:10:47.317043+00:00
bm-tf-10,kn-gh-hashicorp-terraform-37975-c002,3,research_knowledge,terraform,terraform_failure,,human_approved,approved,project_owner_assisted_review,2026-07-29T04:10:47.317043+00:00
bm-tf-10,kn-gh-hashicorp-terraform-38310-c000,2,research_knowledge,terraform,aws_permission_failure,,human_approved,approved,project_owner_assisted_review,2026-07-29T04:10:47.317043+00:00
bm-tf-10,kn-gh-hashicorp-terraform-38310-c002,2,research_knowledge,terraform,aws_permission_failure,,human_approved,approved,project_owner_assisted_review,2026-07-29T04:10:47.317043+00:00
bm-tf-10,kn-gh-hashicorp-terraform-38315-c002,2,research_knowledge,terraform,terraform_failure,,human_approved,approved,project_owner_assisted_review,2026-07-29T04:10:47.317043+00:00
bm-tf-10,kn-gh-hashicorp-terraform-38475-c001,3,research_knowledge,terraform,terraform_failure,,human_approved,approved,project_owner_assisted_review,2026-07-29T04:10:47.317043+00:00
bm-tf-10,kn-gh-hashicorp-terraform-38475-c002,3,research_knowledge,terraform,terraform_failure,,human_approved,approved,project_owner_assisted_review,2026-07-29T04:10:47.317043+00:00
bm-tf-10,kn-gh-hashicorp-terraform-38671-c003,3,research_knowledge,terraform,terraform_failure,,human_approved,approved,project_owner_assisted_review,2026-07-29T04:10:47.317043+00:00
bm-tf-11,doc-terraform-expressions-references-c029,3,official_documentation,terraform,terraform_failure,Terraform,human_approved,approved,project_owner_assisted_review,2026-07-29T04:10:47.317043+00:00
bm-tf-11,doc-terraform-resources-c055,3,official_documentation,terraform,terraform_failure,Terraform,human_approved,approved,project_owner_assisted_review,2026-07-29T04:10:47.317043+00:00
bm-tf-11,kn-gh-hashicorp-terraform-34252-c002,3,research_knowledge,terraform,terraform_failure,,human_approved,approved,project_owner_assisted_review,2026-07-29T04:10:47.317043+00:00
bm-tf-11,kn-gh-hashicorp-terraform-36306-c001,3,research_knowledge,terraform,terraform_failure,,human_approved,approved,project_owner_assisted_review,2026-07-29T04:10:47.317043+00:00
bm-tf-11,kn-gh-hashicorp-terraform-36306-c002,3,research_knowledge,terraform,terraform_failure,,human_approved,approved,project_owner_assisted_review,2026-07-29T04:10:47.317043+00:00
bm-tf-11,kn-gh-hashicorp-terraform-38475-c001,3,research_knowledge,terraform,terraform_failure,,human_approved,approved,project_owner_assisted_review,2026-07-29T04:10:47.317043+00:00
bm-tf-11,kn-gh-hashicorp-terraform-38478-c002,3,research_knowledge,terraform,terraform_failure,,human_approved,approved,project_owner_assisted_review,2026-07-29T04:10:47.317043+00:00
bm-tf-11,kn-gh-hashicorp-terraform-38479-c002,3,research_knowledge,terraform,terraform_failure,,human_approved,approved,project_owner_assisted_review,2026-07-29T04:10:47.317043+00:00
bm-tf-11,kn-gh-hashicorp-terraform-38488-c002,3,research_knowledge,terraform,terraform_failure,,human_approved,approved,project_owner_assisted_review,2026-07-29T04:10:47.317043+00:00
bm-tf-11,kn-gh-hashicorp-terraform-38503-c002,3,research_knowledge,terraform,terraform_failure,,human_approved,approved,project_owner_assisted_review,2026-07-29T04:10:47.317043+00:00
bm-tf-11,kn-gh-hashicorp-terraform-38508-c003,3,research_knowledge,terraform,terraform_failure,,human_approved,approved,project_owner_assisted_review,2026-07-29T04:10:47.317043+00:00
bm-tf-11,kn-gh-hashicorp-terraform-38558-c002,3,research_knowledge,terraform,terraform_failure,,human_approved,approved,project_owner_assisted_review,2026-07-29T04:10:47.317043+00:00
bm-tf-11,kn-gh-hashicorp-terraform-38720-c002,3,research_knowledge,terraform,terraform_failure,,human_approved,approved,project_owner_assisted_review,2026-07-29T04:10:47.317043+00:00
bm-tf-12,doc-terraform-plan-c018,3,official_documentation,terraform,terraform_failure,Terraform,human_approved,approved,project_owner_assisted_review,2026-07-29T04:10:47.317043+00:00
bm-tf-12,kn-gh-hashicorp-terraform-29656-c002,2,research_knowledge,terraform,aws_permission_failure,,human_approved,approved,project_owner_assisted_review,2026-07-29T04:10:47.317043+00:00
bm-tf-12,kn-gh-hashicorp-terraform-32694-c003,3,research_knowledge,terraform,terraform_failure,,human_approved,approved,project_owner_assisted_review,2026-07-29T04:10:47.317043+00:00
bm-tf-12,kn-gh-hashicorp-terraform-34252-c002,3,research_knowledge,terraform,terraform_failure,,human_approved,approved,project_owner_assisted_review,2026-07-29T04:10:47.317043+00:00
bm-tf-12,kn-gh-hashicorp-terraform-36225-c001,3,research_knowledge,terraform,terraform_failure,,human_approved,approved,project_owner_assisted_review,2026-07-29T04:10:47.317043+00:00
bm-tf-12,kn-gh-hashicorp-terraform-38475-c001,3,research_knowledge,terraform,terraform_failure,,human_approved,approved,project_owner_assisted_review,2026-07-29T04:10:47.317043+00:00
bm-tf-12,kn-gh-hashicorp-terraform-38475-c002,3,research_knowledge,terraform,terraform_failure,,human_approved,approved,project_owner_assisted_review,2026-07-29T04:10:47.317043+00:00
bm-tf-12,kn-gh-hashicorp-terraform-38478-c002,3,research_knowledge,terraform,terraform_failure,,human_approved,approved,project_owner_assisted_review,2026-07-29T04:10:47.317043+00:00
bm-tf-12,kn-gh-hashicorp-terraform-38480-c000,3,research_knowledge,terraform,terraform_failure,,human_approved,approved,project_owner_assisted_review,2026-07-29T04:10:47.317043+00:00
bm-tf-12,kn-gh-hashicorp-terraform-38492-c001,3,research_knowledge,terraform,terraform_failure,,human_approved,approved,project_owner_assisted_review,2026-07-29T04:10:47.317043+00:00
bm-tf-12,kn-gh-hashicorp-terraform-38492-c003,3,research_knowledge,terraform,terraform_failure,,human_approved,approved,project_owner_assisted_review,2026-07-29T04:10:47.317043+00:00
bm-tf-12,kn-gh-hashicorp-terraform-38503-c002,3,research_knowledge,terraform,terraform_failure,,human_approved,approved,project_owner_assisted_review,2026-07-29T04:10:47.317043+00:00
bm-tf-12,kn-gh-hashicorp-terraform-38508-c003,3,research_knowledge,terraform,terraform_failure,,human_approved,approved,project_owner_assisted_review,2026-07-29T04:10:47.317043+00:00
bm-tf-12,kn-gh-hashicorp-terraform-38720-c001,2,research_knowledge,terraform,terraform_failure,,human_approved,approved,project_owner_assisted_review,2026-07-29T04:10:47.317043+00:00
bm-tf-12,kn-gh-hashicorp-terraform-38720-c002,3,research_knowledge,terraform,terraform_failure,,human_approved,approved,project_owner_assisted_review,2026-07-29T04:10:47.317043+00:00
bm-tf-13,doc-terraform-resources-c017,3,official_documentation,terraform,terraform_failure,Terraform,human_approved,approved,project_owner_assisted_review,2026-07-29T04:10:47.317043+00:00
bm-tf-13,doc-terraform-resources-c080,3,official_documentation,terraform,terraform_failure,Terraform,human_approved,approved,project_owner_assisted_review,2026-07-29T04:10:47.317043+00:00
bm-tf-13,kn-gh-hashicorp-terraform-27170-c002,3,research_knowledge,terraform,terraform_failure,,human_approved,approved,project_owner_assisted_review,2026-07-29T04:10:47.317043+00:00
bm-tf-13,kn-gh-hashicorp-terraform-38475-c001,3,research_knowledge,terraform,terraform_failure,,human_approved,approved,project_owner_assisted_review,2026-07-29T04:10:47.317043+00:00
bm-tf-13,kn-gh-hashicorp-terraform-38475-c002,3,research_knowledge,terraform,terraform_failure,,human_approved,approved,project_owner_assisted_review,2026-07-29T04:10:47.317043+00:00
bm-tf-13,kn-gh-hashicorp-terraform-38478-c001,3,research_knowledge,terraform,terraform_failure,,human_approved,approved,project_owner_assisted_review,2026-07-29T04:10:47.317043+00:00
bm-tf-13,kn-gh-hashicorp-terraform-38478-c002,3,research_knowledge,terraform,terraform_failure,,human_approved,approved,project_owner_assisted_review,2026-07-29T04:10:47.317043+00:00
bm-tf-13,kn-gh-hashicorp-terraform-38557-c002,3,research_knowledge,terraform,terraform_failure,,human_approved,approved,project_owner_assisted_review,2026-07-29T04:10:47.317043+00:00
bm-tf-13,kn-gh-hashicorp-terraform-38558-c002,3,research_knowledge,terraform,terraform_failure,,human_approved,approved,project_owner_assisted_review,2026-07-29T04:10:47.317043+00:00
bm-tf-13,kn-gh-hashicorp-terraform-38695-c002,3,research_knowledge,terraform,terraform_failure,,human_approved,approved,project_owner_assisted_review,2026-07-29T04:10:47.317043+00:00
bm-tf-13,kn-gh-hashicorp-terraform-38709-c000,3,research_knowledge,terraform,terraform_failure,,human_approved,approved,project_owner_assisted_review,2026-07-29T04:10:47.317043+00:00
bm-tf-13,kn-gh-hashicorp-terraform-38888-c002,3,research_knowledge,terraform,terraform_failure,,human_approved,approved,project_owner_assisted_review,2026-07-29T04:10:47.317043+00:00
bm-tf-14,kn-gh-hashicorp-terraform-28188-c003,3,research_knowledge,terraform,terraform_failure,,human_approved,approved,project_owner_assisted_review,2026-07-29T04:10:47.317043+00:00
bm-tf-14,kn-gh-hashicorp-terraform-32146-c000,3,research_knowledge,terraform,terraform_failure,,human_approved,approved,project_owner_assisted_review,2026-07-29T04:10:47.317043+00:00
bm-tf-14,kn-gh-hashicorp-terraform-34252-c002,2,research_knowledge,terraform,terraform_failure,,human_approved,approved,project_owner_assisted_review,2026-07-29T04:10:47.317043+00:00
bm-tf-14,kn-gh-hashicorp-terraform-36225-c000,3,research_knowledge,terraform,terraform_failure,,human_approved,approved,project_owner_assisted_review,2026-07-29T04:10:47.317043+00:00
bm-tf-14,kn-gh-hashicorp-terraform-36225-c001,3,research_knowledge,terraform,terraform_failure,,human_approved,approved,project_owner_assisted_review,2026-07-29T04:10:47.317043+00:00
bm-tf-14,kn-gh-hashicorp-terraform-36225-c002,3,research_knowledge,terraform,terraform_failure,,human_approved,approved,project_owner_assisted_review,2026-07-29T04:10:47.317043+00:00
bm-tf-14,kn-gh-hashicorp-terraform-38161-c000,3,research_knowledge,terraform,terraform_failure,,human_approved,approved,project_owner_assisted_review,2026-07-29T04:10:47.317043+00:00
bm-tf-14,kn-gh-hashicorp-terraform-38272-c000,3,research_knowledge,terraform,terraform_failure,,human_approved,approved,project_owner_assisted_review,2026-07-29T04:10:47.317043+00:00
bm-tf-14,kn-gh-hashicorp-terraform-38660-c002,3,research_knowledge,terraform,terraform_failure,,human_approved,approved,project_owner_assisted_review,2026-07-29T04:10:47.317043+00:00
bm-tf-15,doc-terraform-resources-c033,3,official_documentation,terraform,terraform_failure,Terraform,human_approved,approved,project_owner_assisted_review,2026-07-29T04:10:47.317043+00:00
bm-tf-15,doc-terraform-resources-c034,3,official_documentation,terraform,terraform_failure,Terraform,human_approved,approved,project_owner_assisted_review,2026-07-29T04:10:47.317043+00:00
bm-tf-15,doc-terraform-resources-c046,3,official_documentation,terraform,terraform_failure,Terraform,human_approved,approved,project_owner_assisted_review,2026-07-29T04:10:47.317043+00:00
bm-tf-15,doc-terraform-resources-c055,3,official_documentation,terraform,terraform_failure,Terraform,human_approved,approved,project_owner_assisted_review,2026-07-29T04:10:47.317043+00:00
bm-tf-15,doc-terraform-resources-c061,3,official_documentation,terraform,terraform_failure,Terraform,human_approved,approved,project_owner_assisted_review,2026-07-29T04:10:47.317043+00:00
bm-tf-15,doc-terraform-resources-c062,3,official_documentation,terraform,terraform_failure,Terraform,human_approved,approved,project_owner_assisted_review,2026-07-29T04:10:47.317043+00:00
bm-tf-15,doc-terraform-resources-c063,3,official_documentation,terraform,terraform_failure,Terraform,human_approved,approved,project_owner_assisted_review,2026-07-29T04:10:47.317043+00:00
bm-tf-15,doc-terraform-resources-c065,3,official_documentation,terraform,terraform_failure,Terraform,human_approved,approved,project_owner_assisted_review,2026-07-29T04:10:47.317043+00:00
bm-tf-15,doc-terraform-resources-c067,3,official_documentation,terraform,terraform_failure,Terraform,human_approved,approved,project_owner_assisted_review,2026-07-29T04:10:47.317043+00:00
bm-tf-15,doc-terraform-resources-c070,3,official_documentation,terraform,terraform_failure,Terraform,human_approved,approved,project_owner_assisted_review,2026-07-29T04:10:47.317043+00:00
bm-tf-15,doc-terraform-resources-c073,3,official_documentation,terraform,terraform_failure,Terraform,human_approved,approved,project_owner_assisted_review,2026-07-29T04:10:47.317043+00:00
bm-tf-15,doc-terraform-resources-c075,3,official_documentation,terraform,terraform_failure,Terraform,human_approved,approved,project_owner_assisted_review,2026-07-29T04:10:47.317043+00:00
bm-tf-15,doc-terraform-resources-c077,3,official_documentation,terraform,terraform_failure,Terraform,human_approved,approved,project_owner_assisted_review,2026-07-29T04:10:47.317043+00:00
bm-tf-15,doc-terraform-resources-c079,3,official_documentation,terraform,terraform_failure,Terraform,human_approved,approved,project_owner_assisted_review,2026-07-29T04:10:47.317043+00:00
bm-tf-15,doc-terraform-resources-c096,3,official_documentation,terraform,terraform_failure,Terraform,human_approved,approved,project_owner_assisted_review,2026-07-29T04:10:47.317043+00:00
bm-tf-15,doc-terraform-resources-c097,3,official_documentation,terraform,terraform_failure,Terraform,human_approved,approved,project_owner_assisted_review,2026-07-29T04:10:47.317043+00:00
bm-tf-15,doc-terraform-resources-c098,3,official_documentation,terraform,terraform_failure,Terraform,human_approved,approved,project_owner_assisted_review,2026-07-29T04:10:47.317043+00:00
bm-tf-15,kn-gh-hashicorp-terraform-34252-c002,3,research_knowledge,terraform,terraform_failure,,human_approved,approved,project_owner_assisted_review,2026-07-29T04:10:47.317043+00:00
bm-tf-15,kn-gh-hashicorp-terraform-38508-c003,3,research_knowledge,terraform,terraform_failure,,human_approved,approved,project_owner_assisted_review,2026-07-29T04:10:47.317043+00:00
bm-tf-15,kn-gh-hashicorp-terraform-38586-c001,3,research_knowledge,terraform,terraform_failure,,human_approved,approved,project_owner_assisted_review,2026-07-29T04:10:47.317043+00:00
